Actual,Predicted,Std_Deviation
6.4,7.775988397526788,15.678018350782908
91.2,76.0376377717998,15.403027091357469
38.0,54.572704671422876,15.264346929165551
19.0,28.058172793128858,15.26238872237643
11.0,5.357846270592116,16.016164717490962
62.0,54.66871298584095,15.321624258391626
84.0,61.81511960267758,15.261234638031981
50.1,60.87107210752812,15.400511793311686
35.0,21.981445614305088,15.495168106342526
8.02,22.8710046800891,15.286379694467813
7.214,8.849493495380102,19.223727257241713
37.5,29.676939776116892,16.299770615165155
33.5,59.45730525300408,16.164187349731847
33.0,21.80087046095037,15.584877082409399
5.0,6.388302571980773,17.03425455433016
40.0,66.94342570297653,15.703453730241025
21.8,7.775988397526788,15.678018350782908
80.0,67.23788045198647,15.329847721878954
77.0,61.26282694768955,15.2573985931616
90.1,82.73688300222193,15.44015331939483
4.65,3.832173491701841,17.021653116705306
8.111,10.059481141751402,16.55681555514832
18.9,17.90434329786511,15.418869827497529
2.35,5.891960553934965,16.30568808609207
14.3,28.508373860246255,15.45722098564357
43.0,47.508469405478486,15.547860133958961
29.2,23.073891326847548,16.507426190169884
92.0,75.3765864319552,15.382663618080297
4.33,-11.346517327062692,17.240856326462463
18.4,15.624301747509257,15.663459220961503
6.5,7.677243733515525,15.858594592429936
10.1,12.540567579535846,21.083518829588797
1.17,8.951575328721304,15.798641265293474
92.1,72.68759678411416,15.230958698776211
82.0,71.89357768341193,15.296586082495127
2.91,7.350028424062113,16.471196766970145
24.1,17.24184927118978,16.766863797538747
0.194,-1.2602570643880497,16.96718976370328
86.0,68.80860001993707,15.369233895097711
16.0,17.436562967722768,15.505708473400398
68.5,79.43813980593228,15.307546091666245
34.0,22.641700423055546,15.436384320691001
1.76,7.414263180674936,15.830473426534367
89.3,65.11273384505546,15.268539605830076
25.1,27.068018087475448,16.707058103829795
93.0,94.9234133148876,15.447156976508202
43.1,80.50680907624036,16.08340873123704
72.7,56.0303539927201,15.282749271850301
86.1,85.03765801762864,15.356050496216733
3.5,8.605733943391627,16.115770971012868
32.0,66.78061745553299,15.313623350551115
1.63,2.134330353693578,16.483649840344754
1.8,4.2760780465058446,15.738166813324046
96.0,75.55919013338965,15.470831858406816
85.0,64.71525369901258,15.54166281050729
34.85,72.69179847112565,15.272736801161793
50.6,65.55163878983761,15.311606537910393
1.8,4.885379759098342,16.725242441972085
0.11,-1.879745732953026,17.459465054652078
7.175,6.6809753204329105,17.951086441029783
34.0,94.01610129318954,15.870745236448407
2.94,6.251794213444047,16.591531138781978
0.94,8.773063384816826,16.737103824284304
75.0,59.58489334541255,15.268767172264837
5.0,19.19603650176669,15.739949234885229
22.5,49.62554863994133,15.849972024350985
14.6,14.339100690165502,15.500878364268244
21.0,19.055561021986087,17.74077699064248
84.7,61.483717728895485,15.258747136672156
7.4,7.721009976431684,16.55552471127356
41.0,55.6899095656932,15.285093166587238
55.28,38.046081277317086,15.549885554825648
14.8,10.159828156106048,18.80104770707002
0.78,2.465044614372516,16.632394501881738
45.2,55.568407942688566,15.37152738228882
86.7,78.95332992264096,15.489405582275424
22.0,19.712129976521943,16.32034497314259
1.38,3.227894986207204,16.376243662443585
29.0,29.410974210605314,16.866805783021558
55.5,72.96701639135362,15.232251079769124
1.85,2.9873848172816153,16.337247928895877
6.0,8.548858765487996,15.553298147622625
11.0,24.67215154858674,15.66680886528696
76.5,55.2493654701548,15.359315369779882
1.468,6.869834634560313,15.976018886774584
32.0,24.419565539757027,17.923196779686496
1.132,-2.4032074459524324,21.876104486272915
9.9,6.034934015377651,18.17489110340707
28.7,16.375351402409894,15.370771135404658
1.8,4.424218271144031,18.84331249717386
4.5,30.900032687727627,15.930108640075357
10.56,8.515471176529655,16.964282726449454
132.0,93.20738438448947,15.537504382662865
110.5,97.5614048702407,15.465450765038053
25.0,25.8209694702284,15.40997590977286
47.02,59.77777049745532,15.255574903909636
78.0,63.50526767964571,15.276849317030152
44.0,51.93249931233724,15.321292736982155
2.15,-0.4178015615062449,15.962821155626562
96.0,73.41023660953073,15.610507742418774
93.8,64.56147004350667,15.254090658026314
0.27,7.1753582497998,16.053902954658998
21.3,17.436562967722768,15.505708473400398
10.8,17.83470049958329,15.514201474562247
12.9,12.527847960641715,15.877532887521793
0.96,1.3765649611825879,15.649028521882578
80.2,71.9707757631468,15.296567401508044
59.0,45.45658729318086,15.875662307344697
85.8,67.45409115427384,15.410583104345893
2.4,-1.723044082730425,19.69048068239533
12.1,14.004592040002251,15.989426557048244
37.8,31.586742815627595,16.127755154445477
11.3,8.495338086942606,17.57224037418885
35.0,64.6223440277607,15.26400765116818
17.0,21.092134837701064,15.344523386923772
56.0,71.37421836523392,15.7259733914806
89.3,78.26197224286663,15.291214141596607
2.2,9.964143831961717,16.53308425590747
4.0,2.015916663220999,17.05247149521241
37.0,28.35717210564862,15.264094736925887
16.0,12.168164636040771,15.807322333907562
14.0,25.776730089981154,15.895339603455461
7.3,1.3531459131759505,18.113713425754003
94.0,90.63170169210107,15.480999376731088
3.5,1.9795845546368085,15.935261210396089
40.9,49.49650670043059,15.347331934494079
4.5,-0.21082251280824948,18.011082101786815
4.21,3.747244468403526,17.896366778047444
30.8,33.14982752298039,19.112861600757856
53.0,59.92612884071256,15.25819626996341
2.69,4.461174593456615,15.867219731489858
4.96,12.901351091381109,15.522498021726713
3.45,3.8144818910798826,16.795691979598196
31.8,22.10652602437964,15.302419545815004
70.0,90.8279218930436,15.449264954868616
30.5,23.273665849306006,16.10532289075287
55.1,67.28193208289682,15.335940173706366
4.12,3.7565074050245997,17.149643358179816
27.0,23.683574440159557,15.5819631164761
50.7,70.6163012855321,15.43066883264655
14.0,16.25072345372305,15.510691297032574
12.1,5.774562936232499,16.366062446366563
1.5,11.142946340465894,15.951250676649911
12.0,15.365596376994713,17.623946983705242
9.5,14.778724771028624,15.492795403845937
105.7,88.69125830126873,15.456810413156674
47.8,57.90259392004575,15.437727943016505
4.63,-7.369219647884499,17.9896746631528
0.0625,-0.5215258229563347,19.638800322891154
4.2,6.34729567504187,21.040063556815106
1.48,4.115754418178984,16.599046525929943
18.0,18.10293829729053,16.217992213207907
75.0,78.81275041871811,15.291627492925667
4.1,7.4109567543080495,16.401417391231096
20.3,61.66597210785481,16.053913364380186
21.0,46.77430196628543,15.447431680249359
10.4,16.726859836831416,15.492916605303305
82.0,57.197266810614174,15.345303357019354
9.78,14.439069641276767,16.08766553241886
1.71,3.4277226756780017,20.416929393921606
8.03,6.88154882274069,17.692033743024396
42.0,59.392327725777434,15.257410770784135
34.8,20.57283663976329,15.325790290078308
20.5,23.16465560175381,16.235570038354044
65.0,64.54829871173831,15.913932440241629
62.0,72.4927238823153,15.373467403966174
4.92,5.848259071785808,15.877104157595069
94.8,75.04721856464477,16.152841361756067
2.0,7.392425014187779,16.117540761770403
39.5,75.98718227373037,15.880320805283805
21.1,26.840402245218904,15.809649569299284
4.53,4.982227267817805,16.95324170728262
65.5,73.40651908061358,15.458962758893179
1.159,4.754660244870621,25.73860671513471
3.45,-5.4007696568133525,18.390981843160432
17.9,18.922198461804356,16.94886007936545
5.7,2.6280471250648816,15.986588578282776
32.2,39.100688814200105,15.449685540501305
18.1,14.505789919654813,15.427744246366162
1.32,3.0515819710231646,15.877252411620667
7.25,6.083744359989172,22.51773687620967
1.72,4.1662492385441325,15.956605376951257
1.9,6.7965092622486765,16.70430569759796
84.6,65.368435887331,15.41957444397284
36.9,61.27277186591674,15.436681234744634
17.4,13.007864028112603,15.887420315672404
4.7,23.389535144209816,15.315212727492339
18.7,17.63500528371581,16.13654920795938
18.0,14.615336921850094,15.367802868126633
133.4,109.70642565704159,15.443960517061935
134.0,112.22744363460109,15.4594542024603
18.5,15.99759150114766,15.70449284277852
10.0,12.147591788656637,16.68291894747148
77.0,72.30868260577876,15.400174894006458
81.5,61.074759839626424,15.475852508498201
73.0,61.01065850582052,15.30865880876637
4.97,-1.310922822626118,17.74728892879577
7.1,9.137531705372108,19.16411614593394
5.5,7.583093817030715,16.96110544553977
54.3,63.28858171396412,15.267558436717092
1.2,3.0515819710231646,15.877252411620667
5.49,11.313997118895863,17.98747365639576
5.8,13.83360994916072,16.16742469486744
71.6,90.37525077492867,15.451675751727427
3.81,-5.240045003638819,19.032818364905083
20.29,15.571329607251638,15.56471717268439
25.4,23.143972910483207,15.948261241459123
24.2,37.715316011726514,15.99195411886019
2.82,2.7751986968562044,16.772605726929275
83.3,66.50083351743098,15.362748764714711
7.3,6.965009667343189,16.077003710530388
21.6,62.53550609000921,15.292192183669727
102.0,86.04296323402207,15.337836189639122
78.0,57.11849813842157,15.299813556988747
71.0,75.62670997085391,15.298476110407927
24.0,64.95656009657445,15.408094450902405
21.0,79.77085018539942,15.602325323299722
49.0,80.8260133518748,15.308429976507757
14.9,9.587711350232798,16.273418142549286
54.0,69.24371342299803,15.40126993663197
3.25,3.248068120276198,17.440648734544823
36.5,22.29875306864055,15.419561472753596
0.68,9.411029824139426,15.938547686656316
68.0,60.81380217988445,15.275155330342663
0.5115,-0.03681177462198093,18.268145894417135
38.8,21.20221918909934,15.336521468405683
8.5,-5.840208756039537,18.40889244904861
7.5,18.138646595660322,16.61483895744421
21.14,23.083844728149252,15.849237692254366
9.7,3.536980124346808,16.141482201843587
26.1,21.507404443550474,15.313285298659414
10.3,12.6203331793998,16.235786082595133
39.0,61.72160447380209,15.279947478491028
7.0,10.957991313770815,16.526969454168874
1.9,3.2024801436489376,19.577585899085115
93.6,81.6195264794982,15.364383350064113
3.1,8.25884652074079,15.763611553181128
26.2,18.288183499551764,15.61346456968025
58.0,73.70180511840277,15.358619551765125
2.77,7.392425014187779,16.117540761770403
5.31,-7.369219647884499,17.9896746631528
2.93,1.5999931551621103,16.027055591592386
32.1,23.386577289876072,15.733936856336394
6.9,0.6347804779793051,17.91181649904103
0.84,3.8162484615831644,18.492069619800827
3.4,6.100333250348996,16.212895469586826
84.5,80.97363957656782,15.925010561420448
16.04,23.55931664232774,15.2787097618264
6.0,60.42142378757245,15.255099475611097
27.0,19.360679590893383,15.593550401303466
11.0,59.34049597059885,15.495112664462223
33.5,29.303934835318103,15.88080353972777
24.9,28.06064578468719,16.20476237614435
72.4,59.59528428742698,15.274943240268248
29.8,26.72078957601405,15.263234091565524
94.0,108.53135601063116,15.428580555006342
14.7,23.166006304681957,15.282748854473441
86.3,60.78073565206583,15.288284561763913
6.9,4.723988622918611,18.714571440746585
20.0,73.22232484247735,15.236078928444815
23.3,26.082205115166147,15.508916487907229
54.0,59.93090784420794,15.31316225824945
4.75,7.022240848683971,18.861228503453134
100.0,102.78955478405018,15.401043073322807
2.134,6.400896786340958,15.929172093960327
4.46,2.1541927067365165,15.901312604963278
11.6,3.23640848502696,17.872734011143766
73.9,68.95128826372121,15.347179063171234
42.5,51.923436034011615,15.469542465585699
1.66,3.4384329299493785,16.96789133997193
20.5,0.3179827627143368,17.466559033132988
1.88,2.631367035407685,17.706460288350044
51.0,46.629877366997185,15.424784059338277
96.0,75.33289706392209,15.318887928823312
7.78,5.672977636982871,16.722676784675777
1.5,51.40121153571272,15.325457443830224
0.077,-0.5215258229563347,19.638800322891154
115.5,107.0174799963495,16.490004180446096
103.8,91.93701976805171,15.507387734816591
2.6,2.5227681268556594,18.604903947857462
8.6,4.658873826635094,16.44822629154058
14.5,17.589945063722034,15.431358457055127
91.8,65.26452737880608,15.250812131563729
0.46,9.183961386765763,19.394088079239914
2.4,3.2023312000031012,16.947456031828857
10.9,13.85903682543821,15.685656933435597
2.99,-28.150074073931954,19.450902593664313
15.0,5.925180054844386,18.362922536084778
10.1,14.51896935220375,20.36279387623966
20.0,19.937277584870472,15.366148606216344
18.1,12.331858790265496,15.761670411793487
26.0,22.981932580720535,15.770171215074516
72.0,88.25257976874335,15.398536120996397
2.5,5.700960015529958,16.75448306794975
16.0,24.417287189532594,15.466191178708076
9.7,4.664755492091871,17.056968376322192
10.8,7.815624544019425,16.74387486640722
22.2,31.30951670643021,16.970058971437783
43.5,68.4045870149873,15.64252324762444
12.3,18.844501577582555,15.365332807987542
4.0,5.79056928423147,18.832464933036558
37.0,74.60256092924668,15.241005061107673
73.5,62.65945246849388,15.343836053147854
82.4,77.2864811990884,15.355807298206832
1.3,2.679032239834765,16.59070330425043
70.7,72.6351659396916,15.277497663268305
1.7,4.494101257801173,17.233893360218612
24.7,36.76925832126119,15.560205957170984
17.7,14.867687223041703,16.748577278434464
76.0,65.87940994097656,15.30851575289189
80.5,70.17728754556411,15.287662786969301
87.5,88.11397052335218,15.449933534759683
15.4,23.166006304681957,15.282748854473441
4.63,7.974969638672118,16.729070742371864
9.9,6.895799808426254,16.39218129343189
17.0,21.44463630984922,15.449404100674457
36.9,22.641700423055546,15.436384320691001
90.0,77.25969077313277,15.50018854941476
11.65,30.40706135045648,15.489265134670182
87.6,64.90957433324026,15.27223866961901
0.01,18.628943647915506,15.431560754590068
19.5,17.436562967722768,15.505708473400398
18.19,13.545749060563022,16.121230122383885
5.0,5.91754977218195,16.658685758440743
56.0,69.40057674817322,15.332111753151443
0.88,3.838627287533484,19.928695436071866
0.5,8.981493577964997,16.818003142846155
14.9,-4.426009422014829,17.10114908647997
6.24,9.932585651925024,20.328405081240426
1.135,3.558049592535685,17.82268094207501
5.1,2.880834888242827,16.79028687201987
30.0,37.141070320628586,15.432659933986406
56.5,60.53177294824271,15.78449310364477
10.0,37.74144278842389,15.363751464422863
108.0,94.3047682928389,15.534621621660387
20.0,58.74910903933163,15.262968231876695
74.0,66.11981198544419,15.262955463773672
11.0,36.23933996122136,16.343419129089657
74.5,60.409243166193946,15.285960048950548
23.0,65.13209459169182,15.308957722359937
2.79,11.595996109782917,16.978274714487785
2.67,5.378516586866109,25.42010217679134
2.2,2.0811755394357263,20.272997321428676
0.205,56.954737403303795,26.109078010829663
93.8,75.9898851820594,15.46730086642963
63.0,60.51561248305549,15.254010679066514
84.5,61.01262827772749,15.256617960862307
79.9,61.015521109821464,15.324728251349107
0.5,18.56394176868306,16.337754479948085
4.05,-1.2830941911273115,17.506662506532813
5.08,1.3764060814830685,18.393423205137875
31.0,90.04630921730944,15.588225300251032
12.2,8.573962270774928,16.187247759080144
73.2,59.867982456734595,15.252600560359534
15.5,25.12350476625703,15.62230329794207
10.0,61.900045015480295,15.280911562852049
1.64,4.2760780465058446,15.738166813324046
33.5,60.06365410498238,15.398682747938649
89.0,70.49574595630426,15.293642258036568
0.37,6.01535593727824,16.797250583758565
9.05,10.37375512591461,16.955836749425938
18.2,17.759938765258322,16.107983063194098
13.5,26.50574989859643,15.849770968328633
5.9,14.670520333579326,15.53081315672218
1.44,3.5764138690429377,16.861040871840995
10.1,18.042717579332553,15.423006633724366
38.0,32.431714021473866,15.29566595765484
37.0,20.176920035799853,15.643414269489032
2.87,-1.2137937749891776,18.21988447504221
11.3,19.18423497308699,15.444393387405835
93.6,72.67754644937853,15.23096650612137
19.6,16.477939189345328,15.733044936228191
94.0,80.79247060758915,15.736986440044415
13.7,19.866262129833896,16.065601322979482
12.1,12.35857474255073,15.75073513764239
60.0,61.37657695890361,15.348010064948399
87.0,76.7304150137739,15.35056464807946
19.8,24.559846029662506,15.314390665849476
19.3,12.60372351153801,15.834512119428299
55.6,60.689144773027515,15.902736271046072
2.8,6.425413986021773,16.39740679892931
79.4,61.100104454676334,15.306705042435508
75.1,68.66871620509426,15.27329108230244
78.5,66.13500529890172,15.309704841750067
40.0,57.522472458928135,15.532506146272352
12.8,9.959405346757173,16.101007866677094
104.0,89.44394914892635,15.343134004262486
5.5,5.91754977218195,16.658685758440743
3.7452,3.952275021994968,18.62119071871814
23.0,52.451663196754424,15.350637838505437
133.5,108.87259489655855,15.428167871927654
39.0,59.40881237701716,15.257224297437189
6.97,9.381446142406254,16.59406625149174
3.6,3.9481982899379275,15.99916824104451
95.5,77.39743902294484,15.364769550813604
11.5,20.524990925065335,17.42921883419556
81.8,68.97272181179252,15.26965863598219
8.1,10.448021704234517,15.533295597941569
5.8,13.381492298208634,16.631427576724274
37.0,33.26494293611924,15.982734966791378
89.2,74.51510140643677,15.485555466136802
1.92,-0.27297203207623966,21.116735652781234
93.0,72.63730180355799,15.231034774002543
0.23,0.07131215474800712,18.011249136069324
3.725,4.810397330627399,17.534233949485543
19.0,27.86516709353853,15.430335821356907
4.15,5.767445400807134,15.827603549527488
73.1,69.49496979121287,15.350097806084896
2.4,6.770017297881502,17.073851349309464
31.9,63.92684153708973,15.42579734769179
6.87,8.879927478055965,16.81198277185974
4.0,18.53984744925316,15.6684984705432
34.0,28.91904513854504,15.330085574331289
4.52,6.2263503525804325,16.11046326942223
68.3,73.14040495224377,15.327693776732124
36.2,65.55163878983761,15.311606537910393
92.5,75.55919013338965,15.470831858406816
6.4,25.605608362547805,15.491898917431266
5.8,4.52616167918811,18.845175635048943
55.1,61.46634468116934,15.349659291050557
42.4,62.39540190602648,15.288175454015303
96.0,69.22895182610256,15.521193778949836
10.26,5.823065670278034,15.665003986148827
86.3,68.50647513396808,15.273243547282425
78.1,72.70165979687806,15.230953997427605
1.27,3.6367544375377108,16.072648195970935
50.0,31.30009281948545,15.44908296636101
91.6,72.77784425964852,15.231055473826105
2.3,7.175636157423938,16.719055871436982
22.2,21.80602226704154,15.32473274362015
76.0,63.15790115950813,15.244746830092193
5.5,28.55104137257506,15.620243035538207
64.0,76.69414854896436,15.520163535086157
21.0,49.389754693459054,15.347561102970106
95.0,78.12513884198881,16.16663762222976
79.0,72.58050394900044,15.356195509334961
36.0,49.462441358269565,15.350412292503545
6.4,7.5340718151065715,15.839922725225493
73.0,56.4333268992619,15.602705849154377
3.1,6.300591156698292,17.63521536008869
5.84,8.57952981140188,16.343345841513614
95.0,107.13245671122294,15.504460301857437
7.24,4.37833425313368,16.835642643871843
77.3,87.94027394373278,15.569284328309298
9.3,6.521080576794635,15.901990700133945
2.7,0.8298656014412629,17.202637822169322
78.4,69.09625946858742,15.56236475268024
8.96,7.656288023826896,16.70106945125635
36.0,34.23557935846633,15.63161198810126
4.5,1.040073275824973,18.590273959011963
98.0,72.26950754324488,15.31565857826122
17.1,7.201779850931192,15.743855999959283
31.5,19.898874963581523,16.717951024353614
92.0,73.54391480641497,15.338546637421187
91.09,55.456391348557105,15.300994671614
1.93,2.200583460295995,15.948277014984836
41.0,53.643772336353656,15.564510743759476
13.4,17.068154090923965,15.498686147290645
92.0,64.98446411399368,15.28952030335587
85.9,65.97322716733527,15.3308694784236
2.2,12.529313782780754,16.654237072490957
2.04,2.518409547125767,16.332003664740277
3.45,-5.425459748863894,23.58371201765959
70.0,68.39267766637859,15.422706441104214
78.1,67.87524592130156,15.513117800567416
4.45,4.42104446023702,16.925230565262552
11.9,9.229829440365627,17.03366919965377
2.74,6.341174693844739,16.51527314667853
52.0,105.15948732743868,15.674858263182838
120.0,95.50632372611648,15.549494628219296
1.56,-0.10941670522996816,16.040343446723117
64.0,61.648891179191374,15.345545963591679
33.9,21.272080013359606,15.872105314807657
1.74,-0.9033961090951408,15.992276688268793
89.1,60.55012606247792,15.263163687211556
21.3,23.549745196987068,15.321887039585178
32.3,29.89807863876665,15.315400589970974
2.2,0.29700561017502736,16.908636114744215
14.2,19.534748655753948,15.364937875576349
17.0,19.374275228156257,16.123630411570623
17.0,60.08121438805095,16.945172290782235
11.5,15.885925602371184,15.802418615715037
30.6,55.32328454221768,15.250902038663337
3.196,6.427975183707488,15.928697472289896
23.0,6.836738782076484,15.437131903037898
1.4,6.1673952938997765,15.684158091985717
12.0,22.035991538940873,16.255116525025667
1.17,6.677718683550353,16.282157572773322
32.8,25.7887730812773,15.462790024136204
10.1,6.564795770005187,15.993678081061754
50.0,50.731859341044576,15.272675558726089
6.3,7.289665556480365,16.47404778617724
2.7,2.4772831301180815,16.33385722030485
75.6,59.867982456734595,15.252600560359534
57.9,54.255125574621246,15.2839346974539
0.88,2.4424575015636165,16.998307982336787
7.3,5.249524880050405,17.140226596341748
85.0,64.85063040188896,15.273810500371427
57.7,72.74880599240052,15.230991422820734
133.0,109.84664755923458,15.415475310844823
22.6,19.463482382348115,15.368534558422619
10.1,31.963415123850755,15.320771075256882
67.5,63.400854677540906,15.415320221740654
80.0,75.43964985026993,15.469621549315054
19.3,75.34250077072988,15.562816086013202
3.2,8.574915863825368,18.213149380706504
2.19,2.9266571214340864,16.334821889111137
40.0,62.01289497596612,16.268524404135178
36.9,28.440452630737315,15.467535430844732
3.6,4.426740737781483,16.727089684127638
68.0,53.891611091820984,15.886478046680828
30.1,30.741831528972245,15.30657055987526
15.0,19.500000103004226,15.271302005876757
83.7,74.44033320647904,15.385121520667582
63.8,63.54766059774464,15.295007405318191
7.18,1.95446604127563,17.015084015408444
132.0,98.40094079595539,15.52381635311753
30.0,18.91862478173413,15.597905807893227
1.9,6.762191256871368,15.823577459949439
0.1,3.274787925283757,17.518607328442044
7.5,20.197224522907135,15.32750613617006
50.0,72.57681037248673,15.23124808369447
0.061,2.210267360533436,16.783088912668433
20.0,72.73154694485771,15.428538863863666
3.47,4.766899676950068,15.730511037223811
95.2,76.66478488832738,15.46485152803027
12.1,8.773900723041152,18.051918714602014
80.0,79.27343221215637,15.478471962913817
1.45,0.07222168486470792,15.64596254255883
10.7,8.515471176529655,16.964282726449454
60.5,65.42448724318724,15.267956310441548
79.5,61.26282694768955,15.2573985931616
0.75,2.1051957660879737,16.913239729846154
28.0,21.72343619117955,15.337239440104236
10.0,5.40372290402027,16.15975959054819
10.1,9.10442932830125,16.136293276586567
75.0,53.228310248467764,16.18713837378864
35.0,25.433420779058636,15.423194079971815
0.0425,0.4912177728827771,18.473163708490276
5.12,2.536260291686233,18.909408210955345
25.0,49.0998187817927,15.381085906715189
65.0,83.476246341456,15.37229755395795
41.0,77.60369385602112,15.368337111889256
117.5,93.62774500798264,15.61754051275187
23.0,25.847691721375917,15.535309415389754
6.75,0.47040776505888005,18.41992762494803
91.7,61.14498898539416,15.25226223394453
7.61,7.136127853842261,17.247793250943744
3.47,6.120841703362615,16.681582690045534
55.0,60.29825926120933,15.273840545254311
77.0,78.39687763621342,15.356656219187233
3.0,3.7957835986115,15.797031040326885
1.11,4.4843264746011755,24.90442230282427
4.91,-2.4290842332545637,19.34192642077847
1.55,5.6818719040123185,17.28450171792818
66.1,69.5824976157175,15.607247833857343
5.6,6.693919603657481,16.20532335550048
94.0,72.46911290991252,15.257848899129709
29.0,51.71043873582875,15.344897190803835
100.0,87.66292353372937,15.468373314370279
6.0,7.520892764685051,17.353454043015045
58.3,63.40323961237563,15.54835926595737
8.05,-0.651148417584352,17.53167200471758
3.6,6.922984012361592,17.045352670870994
79.1,73.62090294792485,15.471388651651178
38.8,56.44233612612756,15.720535408379657
90.6,72.67754644937853,15.23096650612137
21.3,19.1409258969591,15.836760765700205
21.8,12.845698496376063,15.360032097503685
34.0,39.529027658381764,15.413220705759768
15.7,13.393640442237686,15.516465495758732
105.1,115.52889927730345,17.966645002939085
8.5,6.498725911958044,15.956603019129915
12.0,13.707205733123054,21.480677098933477
12.54,10.980975272352495,15.55892732186815
90.7,76.4795706602186,15.271510211908621
76.1,74.44033320647904,15.385121520667582
0.16,6.919421648336911,20.10223937773598
28.0,51.944779243960056,15.342084288468625
110.0,88.69125830126873,15.456810413156674
94.9,72.82357910226986,15.26091357173813
3.726,5.0089173853076545,16.73725242164312
117.2,100.10063758649665,17.24093579751724
2.5,9.29857782433779,18.302331344459358
0.171,4.140179918222014,17.005321063777625
25.0,64.34291378262034,15.331702522803404
0.41,2.026865958121313,19.43941680052735
80.0,91.17626817579139,15.445471147253608
24.9,23.915708256319068,15.699773900799613
11.0,18.12215094329125,15.739342094780444
32.0,23.065372199713664,15.44451504138276
75.0,60.30998958895953,15.439222495225966
16.1,15.028843861252671,15.773400360213317
23.0,11.556688271861468,15.496055706855438
1.4,8.069827394529483,16.732314131808412
2.6,2.4270377697447145,16.48646363567033
73.9,61.82698898031016,15.40636451812885
51.0,27.960236750394273,15.677449256647083
12.9,8.541437047367541,17.45107485946778
13.45,9.004796004551991,16.53358308412733
71.0,75.20237507741459,15.708378775524308
3.4,4.19198177666966,16.620850376106137
0.0619,1.2604494476889059,18.78414342452781
10.0,50.81952029836758,15.296777047457544
17.3,13.117918919593304,15.876716269399857
80.0,62.14691488788203,15.32813385446389
0.28,11.337181669729791,18.39759081163076
5.56,5.854023414235428,16.174324937310292
0.52,-0.03681177462198093,18.268145894417135
4.0,-2.564338742245397,17.41740622308667
98.0,75.29831114983583,15.46883759600905
2.4,3.949859639175788,16.075337389321408
0.34,5.496017424775328,24.60720342817162
4.48,3.747244468403526,17.896366778047444
13.0,27.973052817067266,15.262377627299466
10.25,12.897012463900936,16.22985674052178
1.65,-0.20461830053107377,17.341338802056796
74.0,62.459356450078715,15.359277322628056
42.4,69.48296593398516,15.54527035957613
15.6,36.04566957408524,15.627515584068863
3.734,3.952275021994968,18.62119071871814
30.1,22.191133354938422,15.33095788724671
1.07,2.9968375219267216,16.55542396425357
37.4,23.56082838061629,15.303818318672036
28.4,23.736713022177337,16.052872131175196
63.0,60.40893556411574,15.259749152446553
41.2,54.48161030246064,15.285907873361413
37.6,34.06999520103765,15.743068760045846
82.2,66.82980569789834,15.527875179057611
34.0,73.96166924542881,15.43604187131116
6.6,5.77094589364064,16.849525966584782
84.8,71.31851714417479,15.263328568954805
83.5,0.058088958255567036,17.767514780747142
52.6,66.83415461790429,15.331083057455645
6.61,6.371329059214684,18.265215155560668
10.3,7.249013376020677,16.20972588520048
6.06,6.266111682849832,17.13298589412944
37.7,34.064875883481996,16.126063630856553
7.15,6.431837176505297,15.911486059914365
11.5,11.510242845076075,16.394970724483876
18.0,24.04221912322942,15.274429928747626
1.81,3.5092638082287806,18.429053527999372
20.29,15.59611349752402,15.566822605955675
2.95,7.721598625917711,17.906369525534206
4.2,38.09636379057444,15.295172895718215
9.5,1.3702566975485624,16.676472278639093
50.0,52.95543266436518,15.315067291723446
2.8,20.031608430118357,15.316722530694479
99.0,72.6351659396916,15.277497663268305
92.0,36.54371831304063,16.007480667849908
54.9,58.64097379700411,15.276389107074051
56.0,72.6351659396916,15.277497663268305
17.0,35.60246350400079,15.445188715567127
110.0,108.43084103741049,15.428878783775
54.0,90.31971208493695,15.484727661879713
82.8,63.35113562680735,15.245057625077076
1.8,5.517553777049219,15.800097552504896
96.0,69.18891064944819,15.25791442455405
11.3,73.19310458537116,15.23550765708672
14.5,5.988222774964289,15.972347538048297
17.4,23.168228666748554,15.31747199954046
13.1,12.587160917351653,16.18814852359672
25.0,72.53444123247978,15.445746003672397
13.5,18.02089936194597,16.196851896765203
1.57,2.1524504639318636,16.292164182814094
22.9,17.707163978290573,15.417776019351368
22.1,26.640247175467387,16.079906417279965
1.83,5.692609119277801,17.722435590149036
79.0,80.31425141483228,15.316685361580772
59.8,52.37377509396073,15.765893586117816
1.27,4.715097837276655,16.299426193518496
44.0,67.74326875674556,15.463928320360461
17.93,12.331858790265496,15.761670411793487
88.75,72.48263088362317,15.279886726132647
22.4,23.459386371953883,15.279588898192284
4.615,3.106927814266772,16.245907965290126
5.2,7.269943165135501,19.332723281634742
75.6,61.41464014984879,15.24915850416603
1.14,2.2786818829083657,16.734484930512156
63.58,72.6351659396916,15.277497663268305
98.0,72.41183773714451,15.886590815281851
57.5,-1.3736578718925756,17.740019196269856
29.8,55.55693338655179,15.440743185784292
12.0,17.741775595364764,20.680808007311395
35.0,26.129768472243317,15.334139414816125
92.0,74.02012223700044,16.9730106037537
43.0,78.16205367058502,16.05244790495958
2.1,3.615935864495931,15.926328245422654
7.97,13.719383497526259,15.63859829135727
21.2,19.88496054849496,15.595761891492602
93.4,75.33962938819924,15.468995005096044
11.9,16.85520247474783,16.122141155116072
21.4,22.480273293720227,15.314261166763087
76.7,64.49424389710505,15.544981483871506
22.7,17.389997570021343,15.336469373201565
74.0,74.44033320647904,15.385121520667582
100.0,57.9245541460177,16.199588560269746
4.78,6.2160604366036125,16.964254617468107
9.5,8.180094858086441,16.979788406043358
3.25,5.923875865426105,16.787232898069394
16.8,13.598868723628591,16.466791169669694
70.0,61.529320980034655,15.272964564965797
33.9,61.76933694535397,15.814855156307
3.7,-1.176272845830674,16.231928707020078
50.0,53.66900929574121,15.484282336052491
34.5,25.779069094680388,15.851870086992852
91.3,65.65737800199292,15.354448753152353
27.0,29.058883634430362,15.327615579236062
6.94,2.359847857948118,16.61606073757652
2.9,-1.7516764617099057,23.41481219393915
10.4,6.848946985555013,15.934755442051157
81.3,87.04671833591573,15.508734161168206
11.24,5.865807848738427,16.18829729552569
12.1,7.308322532556492,15.80686439206148
0.6,5.255566036134965,16.028512414203092
32.4,22.623331969669188,16.099984714457086
90.0,69.4034894228577,15.258523786085973
13.7,73.55776292220489,15.245242051897401
2.9,25.42755830945464,18.932582485581843
6.39,12.7681520999595,16.86808820595753
2.1,9.724946297392911,15.646189719364333
88.1,105.15948732743868,15.674858263182838
15.3,16.439336024282106,15.494328018959061
26.7,26.640247175467387,16.079906417279965
37.2,26.062882738181035,15.264584046298328
78.0,67.29170891409873,15.308760183565095
23.5,21.53797757310538,15.44275659787826
92.7,72.49808137968424,15.278466975988334
26.0,29.058883634430362,15.327615579236062
90.6,72.45538536368313,15.278919233886235
12.0,49.571850516664384,15.497743793317444
4.46,3.356640409047415,15.873990739944546
54.1,58.41957179730476,15.283596837749005
8.5,9.99462412454822,16.713679489014403
28.0,71.33228480565029,15.285732637065
7.8,5.987005879066267,16.23643001686681
8.7,5.983971223847178,16.20404689883641
10.6,7.758467116358343,16.58574729764086
24.0,17.436562967722768,15.505708473400398
95.0,113.4695171164845,15.580890871781286
13.1,8.51083844230305,16.64290088319188
46.0,49.56223439972913,15.377785959079223
25.0,59.34049597059885,15.495112664462223
15.0,16.375451698203094,17.707698437973164
52.3,54.71790039323399,15.363955534679057
79.0,52.18303174170059,16.147929184857162
93.0,66.57219915194887,15.375303041744425
2.96,9.360968321787176,16.19603796201507
15.0,15.24987105218932,15.408901411703074
4.5,6.035428789186888,16.703098020787177
65.0,63.58000468386868,15.267411300048678
15.0,20.4913061352556,16.726833088645567
1.8,3.2866436721078074,16.454735593134224
88.5,75.41573437464129,15.469439957535837
60.0,78.67435491419087,15.545654807082506
92.0,74.75872542170823,15.582426818722949
2.85,1.5012713193083727,17.741966316313317
2.56,-1.5873105165984356,16.51440733841485
79.8,75.41145033772509,15.289095713946303
1.95,-0.44007574689791795,15.802880534169176
16.25,8.694473972265996,16.527038549038114
19.0,21.72343619117955,15.337239440104236
31.5,27.503481142382494,16.500163899150124
0.34,3.5627206693463904,18.980591867083298
3.4,5.749634634058054,17.54202806594258
20.0,16.006881298770185,15.658080867398661
72.7,63.80702875217337,15.28856723026127
1.2,3.7224036368789655,16.829475962272895
34.0,21.822473393199253,15.42612734885507
27.0,29.00294777851324,15.328586356874125
73.5,73.22972741090804,15.282784100436116
2.0,59.17237290538906,15.263844489672673
89.5,67.38697340432148,15.376217016078813
3.59,3.497157739437835,15.8938735961372
5.6,5.188844402086126,17.572692755619435
107.0,87.04173740723107,16.043461212732016
87.5,64.15968372261034,15.245644088910549
4.3,8.680095969988777,15.4958436244534
47.5,58.05759149161902,15.248876884541103
77.0,73.23715372853891,15.261273787075359
33.0,76.02946205827297,17.06216769586484
5.67,6.808094966075341,16.969584049769107
6.5,20.15710608898599,15.318201026191435
35.0,72.87946168635004,15.340160364190785
38.0,20.16719692968845,15.527368485661745
1.25,5.387965952496707,15.816814634691683
129.0,111.06353032977205,15.64264450959217
73.0,64.26680015038693,15.391710055763333
3.95,2.7162769327359158,17.93423382552055
3.0,-0.12179915311762102,16.647744667444638
7.0,10.182699521061476,15.704169172673433
71.9,61.478027599868724,15.520988091441458
0.5,6.606231415929937,16.820573770179987
33.0,32.40845226887033,15.715296064372158
84.0,79.07813140766453,15.57568088951009
8.8,7.165754262649383,17.30812957439915
3.2,4.739916325425401,15.997251589598095
19.0,17.374723483889987,15.336407030895925
1.1,5.724082200165807,15.853327168245844
43.1,72.1808746610572,15.303880920745117
19.8,14.387285781466407,17.056485841646346
0.345,5.353867060791163,18.61792667404322
5.85,4.90127390190062,16.785945118474995
15.0,15.198663836830491,15.786438590057228
81.0,67.26538333234942,15.302237524853414
5.53,1.385334117054846,18.05907427890217
2.8,3.790228160067322,16.24939804881047
3.9,28.416354888678853,15.381636088046356
2.86,3.417678384013371,16.071722067913726
4.91,5.805584936058928,16.00573028169611
64.0,72.6351659396916,15.277497663268305
80.0,63.71230265669735,15.302740007989891
43.8,69.04051826969474,15.746253454610013
35.8,28.06064578468719,16.20476237614435
14.0,18.164712753091628,15.664565312686094
4.86,12.25237065313518,16.749732886281137
9.82,15.508578618933438,15.636735386649429
92.0,68.077727395741,15.371531404297361
85.0,80.61935068271941,15.302612246679363
17.8,12.234165415259874,15.897609518025273
59.0,61.11483806943137,15.255959968881108
1.82,12.680913358788157,16.585826943993094
91.5,69.52628880424524,15.30217275296913
0.916,2.9841585573211624,18.126906862201103
34.5,73.72143272519912,15.434486717686758
47.0,44.05603697930121,17.90616939328587
11.5,2.2487723517268563,16.82343501991679
77.0,77.89183343497189,15.677641763594366
2.8,-2.25204269808728,17.275472209656098
1.694,4.694092445398578,23.5027616843667
78.0,72.57681037248673,15.23124808369447
82.0,64.03921974834387,15.37340576456854
14.0,32.528973488160446,15.428063175477702
73.0,64.09689468680759,15.246068430252441
52.0,76.09331010649845,15.530041990537745
30.5,21.942322957569345,16.072247547567876
28.6,21.942322957569345,16.072247547567876
21.5,30.0158195208982,15.791222104715436
20.0,20.169350540501974,15.729218330557595
72.2,80.83066952500329,15.436568670125407
17.1,18.43971919175075,16.355184269143493
32.0,23.079890006797214,15.699931052950816
73.5,60.95318912060266,15.324662743567522
2.04,3.4851514572104527,16.418972725710137
6.01,7.030839997166446,16.75923116399992
2.68,4.391727497605203,16.747198192778068
7.2,33.20901058926841,16.204376712181617
4.3,-1.8773519817321969,18.470803979469046
10.58,12.369010185567678,16.23260668069058
26.0,63.81014010889936,15.457966860723308
24.5,24.33200917679011,15.272335345895776
120.6,109.98553221963536,16.382638489817527
5.872,6.609265183874218,15.935947958447953
76.0,66.95121378259788,15.485998750947386
1.6,3.773974619035961,16.188771858970526
34.9,25.08391665219527,17.37841063240004
1.1,2.751076030806651,16.418133302762264
40.2,34.06999520103765,15.743068760045846
55.23,65.18495782715654,15.402636230858057
28.9,22.658758380754243,15.843654623597464
6.5,-7.453125321363295,18.08707095154336
0.64,3.3475415518061418,16.419671669946617
3.5,10.699272859632089,15.592128835563368
18.1,26.84359702669055,15.471694496926423
82.4,72.6351659396916,15.277497663268305
79.0,77.57077893006908,16.72407347381073
12.15,13.61362499608017,16.231769375009026
118.0,101.27724649704842,15.36007965083734
6.7,13.601855775030362,16.183358617529414
21.3,27.490109320990747,15.262472068900378
45.7,24.9547999378946,15.892704927046072
16.8,11.687913404805244,18.813540098471968
73.7,62.007749456256825,15.247040674315638
107.0,50.2920433176845,15.5694000735876
7.1,11.13216809207865,16.051598656512116
80.5,61.01910160657016,15.252072379337244
8.55,6.932907939720007,17.191101916085124
35.5,31.948109500631322,15.875475752291589
2.45,8.061314841376525,15.879247184798205
6.0,4.62945450879749,16.730131867290076
65.0,82.01553506808833,15.305359778122808
56.0,60.40179433193066,16.056318211603923
5.6,11.779891794015764,17.00247048499553
3.65,-0.7080522587905733,17.715731781880717
53.0,59.82169492961252,15.255182209432828
82.5,62.84386097779486,15.280593950488125
81.0,72.51517925168528,15.278305964747744
6.05,30.423717774379476,15.467114663573419
22.0,74.51140078630121,15.2399823041805
76.6,66.32634385208519,15.302921450789421
23.81,23.700413085455317,15.280281960137712
3.36,0.37562737945266633,17.137964291335223
91.8,78.34317109032375,15.423038184643381
34.0,22.362560094230812,15.853612483585716
21.7,19.979814008219066,15.538207374764895
1.425,9.010972130684479,16.891872010211568
24.0,20.35783212188789,15.441790513608124
14.4,11.797537162676846,16.60189856437497
74.0,62.222851862892725,15.2641190452343
30.9,19.360679590893383,15.593550401303466
105.1,116.44899557799164,17.674482597799887
8.5,24.25579620602108,15.358739396899258
11.0,5.141639218759824,15.800040769087275
39.1,74.12741933671896,16.20690279781745
20.0,26.082205115166147,15.508916487907229
4.1,3.0493541222249405,16.35453461350926
7.0,19.115070240733182,15.804863717314717
121.6,101.89165235781692,16.099126170935577
77.0,51.97886092620586,15.449162969457555
7.51,7.708132021099679,16.257813809508672
62.0,64.95909476387763,15.443760858258184
3.49,3.792634085136605,19.304340979589025
96.0,76.14663713658624,15.40442173346138
5.2,22.586053997589477,15.28808656839422
112.0,101.45139651200523,16.9690740257186
33.5,34.7455969767932,15.975597427458991
70.5,63.06543330439125,15.293646107748012
1.7,-5.188711858290276,19.10352096966815
12.0,11.524927855178262,15.693373178603293
4.1,-5.538729163096505,16.210847216945638
51.7,62.42233547943111,15.422232250066571
0.0285,2.9076283111991934,16.027988004802822
74.3,69.02944775154714,15.323798234153811
37.5,58.26007985878568,15.436044316680643
85.0,71.15283712541543,15.678549847673859
37.0,27.05353962393944,15.469011573786455
80.0,65.69757039898731,16.188635534934036
11.1,2.5794569806527647,17.08449743396284
28.8,24.4387473109104,15.764064465954252
2.9,16.388345275882966,16.33573298190538
42.0,26.67575411846417,15.521744670472966
30.1,24.941062388929574,15.730867122951794
31.0,30.710925802358318,15.459397409597583
10.01,15.874915026101544,15.848502373716652
9.1,9.605379873119603,17.122660770462733
8.2,11.92155400342575,15.636281961120526
17.9,12.752331344060405,16.17811710392052
15.1,18.10293829729053,16.217992213207907
40.5,62.71419330495884,15.280888437183812
10.0,6.608248325121341,15.465187488076104
30.0,32.9069416644254,15.599311645151161
67.0,64.37636639766062,15.508027185025927
18.0,62.22805557507484,15.520692847525801
45.4,56.599241147880875,15.24894275818702
0.67,-2.5355344851442894,16.04103635178611
5.31,30.413061875998064,16.43531301678905
88.9,72.91742642845358,15.231805651511252
84.1,62.499520328542935,15.278056834706453
31.0,32.32103397225939,17.338105801961653
77.0,61.346854872095086,15.25702575316175
7.96,6.236095133260552,16.216021322603424
7.28,21.427859499637307,15.450687350528888
1.96,11.728094103663317,26.97660878413647
6.0,9.275023459079506,15.924068176949385
29.0,13.450406772791464,15.844180425856
41.2,73.07558149097619,15.233560800172675
6.0,10.350183915256661,15.507882880343113
7.2,7.899749588840283,16.124760431077526
1.095,10.776440195845414,15.739650924348568
16.84,12.699559675139891,15.87979240247503
3.61,5.656646361354664,20.250847334143888
33.7,25.921619915195777,15.451578299099955
39.5,71.33851584211402,15.291790192707808
3.9,-4.981133452876804,16.581115597845336
81.8,61.02815600710033,15.256426093086349
28.7,17.727546367413403,15.845392431639814
4.7,9.742179204722913,16.193094807191564
23.2,17.436562967722768,15.505708473400398
16.5,12.432536712486922,16.781847611101977
1.8,6.515578854212599,17.585952151676633
86.3,72.14677165680118,15.572910910807098
16.0,19.360679590893383,15.593550401303466
24.0,34.052458159981285,15.579810904197704
92.5,72.63730180355799,15.231034774002543
11.83,19.54694000617856,16.3629825066536
2.98,3.092638143195927,17.301857969374865
28.0,21.942322957569345,16.072247547567876
3.5,-1.3448041997924776,17.46752011977627
0.677,4.577259248531433,16.322018330739493
34.0,26.34701254496712,15.263835523685273
7.71,5.766362762144503,17.20470647970727
52.0,53.93388439545402,15.429436343194586
34.9,47.454386880987556,15.36570782006914
4.55,1.1658557622839325,17.064486186812257
72.1,68.67132709381953,15.344615843244753
95.0,72.6351659396916,15.277497663268305
12.7,11.35109558237329,15.582789397054864
7.58,7.792133056342063,16.64303024961795
13.0,18.154457882738633,15.521710450011685
6.41,6.308019771953948,16.137690743817075
0.54,0.11668373706632451,19.22169209380224
111.5,89.67276466742777,15.511215504757663
71.0,64.99509801726208,15.340843932907964
0.55,3.2520608342031316,23.32992133139081
0.5218,-0.03681177462198093,18.268145894417135
4.8,6.2263503525804325,16.11046326942223
0.3,2.897270905093876,16.416197745011065
11.1,22.411091104421878,15.316301516673851
7.1,4.161760883045975,18.26111827681051
72.0,49.979570385601015,16.007491651771094
59.5,61.1397401572925,15.439492161853815
1.36,3.2520005597700496,15.868058112527061
7.67,7.116573945607701,16.56342874888901
40.0,24.554549604102085,15.483919093200528
8.7,14.271908768848302,15.41918335623723
36.0,61.956636557055376,15.275911224570072
1.84,4.093945291711069,16.039358698044285
34.8,27.69668928632592,15.597443743234482
83.0,70.93392020757652,15.67147936219314
11.9,12.083352566686024,16.103943185626182
14.1,50.74472978957031,15.316901917953087
6.0,13.188683318823553,16.29780811217395
68.55,83.86979346811779,15.374149009373578
86.0,76.66659246093433,15.483611873575178
3.0,10.42561579393379,15.554937450677599
37.0,25.200450772238323,15.267560324235752
134.5,108.87259489655855,15.428167871927654
5.5,22.641658842364556,25.167807289538885
74.0,66.72145675010009,15.315565588912152
33.0,21.988030145137408,15.850746531252131
2.44,11.246136954592604,16.63067811131324
3.9,7.886960398125048,17.59443514448214
8.6,7.677243733515525,15.858594592429936
80.0,77.60916222076993,16.751093032605073
15.41,12.036540599417481,15.643904620349558
4.5,6.128903585482533,16.70111929221102
2.48,-2.186709919362009,18.406861180330267
37.0,22.29875306864055,15.419561472753596
48.2,23.396647563746594,15.55881866985899
9.5,5.123804415327108,15.807056386500205
47.0,79.93991823619132,15.36795999390742
5.2,4.075087277329146,16.515642620628643
8.18,20.535490374812106,15.688074568636639
24.9,21.032056914005054,15.912573038912308
0.0278,0.8369815206645015,19.195147082561164
15.7,9.216382072408845,15.458796755146723
17.77,12.331858790265496,15.761670411793487
6.0,3.4050040929765117,17.163038485181936
6.1,5.020254211848005,15.82861371757909
68.8,60.210267965412335,15.408742223655171
2.4,4.584631510137491,20.965791543811473
32.6,31.596264396436908,15.469494162863283
14.5,16.062058501508794,15.479255292794273
1.17,0.0849619472033396,16.515340181395004
8.4,8.034706353541129,16.48043735326968
71.0,72.56145617873347,15.329765692372927
31.0,60.04498440715949,15.351637407583622
3.71,3.952275021994968,18.62119071871814
37.0,34.57874536573358,16.541015089301894
10.7,6.42267582646463,16.023490636582483
13.5,13.781700444804667,16.502575059876406
60.0,74.35048726744883,15.238987575830516
88.0,90.6252700280033,16.15539811346123
80.0,62.565807778808974,15.3086671561546
16.0,27.569575800847257,15.690628894477381
4.85,2.3848988704431022,16.317264880432305
21.2,29.288035065477374,15.608199031981963
79.5,74.50506949582305,15.2872928862766
4.15,3.209120113357475,16.45488617267292
91.5,64.24793453816324,15.342925662580601
31.2,19.360679590893383,15.593550401303466
16.0,29.754818594150404,15.264120275485329
15.0,33.29347688040944,15.5635090366659
79.9,67.16114947959733,15.262110867306495
15.5,28.49953393557582,15.338444100857982
1.63,5.44409447896053,16.96598557845128
1.1,8.458292182539626,18.326983785212303
4.5,6.2263503525804325,16.11046326942223
70.4,57.962825142168874,15.250382894593915
76.3,72.95365020495065,15.260227490302588
0.76,4.585101507595095,17.01079929601659
11.8,8.767346094369515,16.76143401697774
82.0,72.67754644937853,15.23096650612137
109.9,104.04140108024438,17.39624505504976
18.2,29.124027696008316,15.376298525339445
15.0,16.831994511799543,18.642413561923053
81.1,78.17358388668595,15.306947726013735
5.31,5.464887981770925,16.629293169158142
32.2,32.41472348078683,15.441440096777123
88.0,63.04780778972618,15.361849214750983
15.2,12.247689874181866,15.698264437725816
7.9,7.13626189637144,16.805325916173835
74.0,75.29831114983583,15.46883759600905
90.0,77.85013894349478,15.545117425152998
75.0,59.279712197003576,15.42563832951624
47.1,61.27571923729861,15.272034407557667
29.0,16.57907113199278,15.37314671661551
88.0,61.84658235219033,15.260842299028294
6.54,9.522391165959817,16.12280382717192
4.0,-0.3811309248791801,18.496396293159794
10.0,30.59305090952535,18.241352393521215
11.3,24.67215154858674,15.66680886528696
95.0,90.13450743493186,15.516294901329964
40.0,77.95077366116435,15.577646285172717
1.4,6.178317185070441,17.09997932548499
0.023,2.5896572306486263,16.850673046744333
52.0,25.38688939966365,15.50129294339686
31.7,20.610862059764322,15.273472698759324
3.2,-3.595948838933687,17.730670366327193
2.1,8.629133332951504,17.079962753433044
1.06,1.0157200596666627,17.873701545018616
2.15,3.1455462314074545,22.423626704443688
7.5,8.945716595272206,17.202976981292363
9.76,35.485845943214976,15.616599870623551
11.5,10.701864533137385,17.682418659754294
23.0,41.68852195504989,15.445281177440444
68.35,62.13466080469968,15.320431147472567
90.0,69.24850252001923,15.25795306818163
10.43,4.46392527053241,16.487182667496757
83.3,74.74332414781622,15.576415849840599
6.0,5.91754977218195,16.658685758440743
14.0,7.580824078131911,16.628501526979097
6.2,6.431837176505663,15.911486059914365
3.69,2.7145113467668374,16.49108349106118
4.4,3.747244468403526,17.896366778047444
80.0,60.27752563961589,15.28376095043215
3.81,-5.240045003638819,19.032818364905083
4.24,5.669345187989549,16.07123443133337
74.0,61.661147343978776,15.405835069485372
33.0,22.680062029598304,15.332637056994928
110.0,95.40418228439893,15.967604533752718
36.6,20.808686694306417,15.726560682371856
16.9,64.25114409971518,15.301968653280047
48.5,51.002994189989984,15.363826038541582
3.0,3.084018596611809,25.789987853513676
59.8,59.67614950122193,15.257491516752546
80.3,66.02371064855566,15.533788249107188
50.7,62.619996699447974,15.26657508165808
11.0,7.425449542113981,18.23644532038728
92.5,64.9751207571543,15.466553172477354
14.0,30.997098941275933,17.616975166639985
2.76,6.3656487031598346,16.28875237301553
19.1,14.84881331021699,15.653964654593315
53.0,75.3852939861371,15.469237775935222
4.95,4.374463624341885,15.66494625884207
5.63,6.065950167698649,15.838101770485682
6.15,-1.7135942698279436,24.218395210197006
4.9,11.548186540080533,16.756476225777025
12.0,24.940149131780252,16.22219172176499
86.0,64.36227886506768,15.29831884805472
0.084,2.4629263781422424,21.289078169812765
90.5,63.966843991799315,15.470718243514769
131.0,102.0054819966254,15.347993459795912
9.2,30.128582227658143,16.13744178205161
2.3,-3.0046561681680046,16.13616669145487
8.81,6.052469996889197,16.52439548202482
19.0,22.815058058964674,15.77867626189108
90.0,65.34826202544564,15.784880432761
3.74,3.315984027114169,16.59343999791221
3.05,6.4130621895198985,15.94942769351083
79.3,80.46629629942761,15.379221683673393
48.0,66.59454572413316,15.401902773192864
5.8,2.648340738068164,16.405394459157606
0.4,53.45814788717047,15.45178168205596
84.0,69.48142294028577,15.336311315095129
81.0,64.95384557651022,15.305862983214844
14.1,10.729633325011225,15.774430307290707
95.8,72.94526877472626,15.260542732357738
105.2,77.60053879456939,15.387506873480183
3.13,11.736806538447524,15.8701947387231
66.3,51.11034121275351,15.377469355002994
87.5,64.56147004350667,15.254090658026314
24.0,25.34907535139478,16.762867623464416
31.1,60.47099038034989,15.273812716221242
0.08,13.259309747049194,18.764801110764193
0.155,3.208131355316521,20.060972471351423
42.0,33.64854164209459,15.541365452999916
62.0,70.7531759397103,15.32414571030505
91.0,72.41276008029226,15.27944245669599
5.37,3.9977407025022877,16.23062511058835
30.3,24.04221912322942,15.274429928747626
77.0,55.324029254483676,15.406282021458903
4.8,5.585860402784366,15.925038240891876
2.3917,8.414070862507472,20.434229103546816
90.0,67.58198228426193,15.524553359594258
14.96,32.60775938596125,15.636128611038801
92.7,72.46911290991252,15.257848899129709
9.7,5.778017007141944,15.972113255093678
86.2,76.0376377717998,15.403027091357469
94.2,74.66147752308493,15.241848032150477
2.62,6.923980847239704,15.783703972934909
85.1,75.54775051157041,15.41535042401104
14.1,10.746226899375504,15.58692235804007
72.0,72.57681037248673,15.23124808369447
2.9,3.2550210295524025,17.284710631668588
0.113,-0.2560562648291267,18.15280056772523
110.0,100.85928108195358,15.457129779469515
85.0,90.01980464893168,15.372863937407589
57.0,62.621729463262355,15.268755476894341
105.6,105.05065043063442,17.997553673537098
3.223,1.7927822630332955,16.916062138013615
0.155,4.842936120793954,16.984100429761796
25.5,23.477087742920837,16.555292550673844
76.8,66.98015431435246,15.278630904797735
1.21,18.158942636657248,17.18711562962838
20.2,20.202991717923922,15.379745727248913
11.2,8.298274637893016,16.80694050234392
34.0,23.752367294272684,15.299183268203977
23.8,22.969182878149482,16.471710665716223
83.6,69.41183573188499,15.258573831544629
8.0,22.8710046800891,15.286379694467813
17.8,17.436562967722768,15.505708473400398
4.5,7.939031322821265,16.865546108161713
5.1,-3.9991678061685647,16.101263196092496
1.6,9.511980191531329,16.913846217922675
1.9,8.027551498458447,17.257663679979387
3.25,5.892909535427133,16.14462668434678
0.38,5.925180054844386,18.362922536084778
0.9,-2.0466915116055944,17.20065606123101
29.6,30.7484537039614,15.616697682305581
132.0,115.44882853125128,15.803273894748079
52.75,78.060821813225,15.362085718262623
14.5,26.082205115166147,15.508916487907229
28.4,20.535528404606367,15.527804552548536
7.0,31.704493707017384,15.421840039113281
4.0,5.6654946606553125,16.382069521457147
44.0,48.295494330054154,16.53485004995958
50.0,60.52062994136492,15.249308119702325
10.2,10.41569479448252,16.585155192481853
25.0,17.84292215287791,15.635338087514445
55.0,63.73909772314133,15.302663663208858
71.0,75.42877941722438,15.469536522782583
86.0,72.62723006488503,15.231061091327083
8.65,13.91202934638535,15.599507137972488
12.7,7.124262256068597,21.932118785336566
0.8,7.64371146746981,17.10012368321466
35.9,64.14658424194158,15.384667964459371
2.41,3.7318205728762273,16.1594408716618
3.88,22.333199835762375,15.876321357632909
10.21,30.241379796361816,15.687328747392826
54.1,54.54352187571146,15.264614857489478
6.6,3.4794320812427593,16.510226053018926
4.3,6.380324795539728,16.427377806323687
12.1,13.490386686565618,15.921896247023327
84.2,76.73617336442211,15.526091989569963
5.5,4.623877084610498,16.564698650699512
72.5,61.24180805746353,15.274465669079676
13.5,30.312947036197784,15.58767710972019
0.175,1.0798791111212864,20.737212981621575
92.1,77.33243484415867,15.2746912262279
19.8,15.036998348552377,15.54164586346699
0.27,1.8794254391640735,17.937113397868757
79.1,71.78147234977396,15.330154495618663
21.0,30.530736943082893,17.16208705135206
134.0,104.89663825569386,15.432364624562974
50.5,25.38688939966365,15.50129294339686
118.0,114.6871397065419,15.448331293953965
2.34,0.3244547312499293,17.066733807293787
83.0,74.3983300324022,15.258520815892288
75.0,74.29250639907995,15.811597979881867
9.5,5.241057873615112,15.700746558386594
30.0,60.331891866582154,15.254276673819566
56.8,63.17113228064557,15.288232850243986
51.5,75.76753873484623,15.349870664647527
89.0,72.72775330237003,15.230964561489156
49.0,62.88938110025961,15.267022136702348
16.0,19.877249845946437,15.830358772165035
18.0,8.030502677276086,16.54233302401355
72.1,64.98735986863437,15.380536458553156
76.35,70.84064848634213,15.295292653543841
31.5,19.184517883083686,15.594615282005188
6.0,30.31981397305976,15.310630645270422
5.2,6.875407888927967,19.11183828837905
81.3,65.41969601128193,15.262249209068386
55.0,77.92236951424303,15.420838527372831
3.3,2.680802828446396,16.632872695901302
77.0,66.79583692857992,16.577161777853668
81.4,65.06023209193394,15.309350196910888
14.0,19.435257893155025,15.37624727901878
81.2,46.9744256168929,15.735111701596061
71.8,74.9479156548794,15.292851763968303
89.0,66.45208878702718,15.968780846554814
70.0,72.3787117764584,15.279912057937114
12.2,25.858841486181383,15.807587589936368
1.05,6.373616573723581,22.937796132635636
4.11,7.15197350403751,16.957201560377072
1.3,4.754660244870621,25.73860671513471
89.0,62.07187399940435,15.27713957086812
31.0,18.54234401180488,16.377431063827572
8.174,10.059481141751402,16.55681555514832
1.6,-1.6756604709786487,19.348933321172172
31.5,22.19876253273577,15.341992406588176
1.015,-1.026356299848949,16.259286264450605
27.3,18.183990704004977,15.6159545516374
37.9,36.52224932468764,16.068880919089196
56.8,72.84876151138387,15.231344502123534
1.845,14.110708243043522,15.723178575830607
20.0,15.274901114332977,15.564622737866474
6.4,9.9877418458201,16.320465147059718
6.55,3.7343230844707556,16.335763914994867
28.4,30.969024855551325,15.326202549235843
36.1,31.8228191243362,15.80310353434302
18.1,14.985180992206772,15.502698748981818
2.3,2.2792035761137868,19.59404286364618
43.0,25.925024261747424,16.73178429226287
22.0,20.595749165098653,15.780832941537371
68.0,80.26424496856959,16.364749118713014
90.0,102.93761651269583,15.477533343663255
0.1,9.703032386214272,16.768524995741227
3.05,4.250535303574029,16.23304582433327
3.35,6.6770907380221445,16.147685486746365
43.0,27.499216329355583,16.11476957167512
126.2,104.06183572928768,15.544633906503483
0.84,0.43002709119060967,17.006476193016322
0.2,34.4882314267007,15.94270711545354
1.89,2.393108593391723,19.3611106845424
21.0,31.198816756267917,15.744820910542566
1.88,17.393287201018637,15.64216057583938
3.6,1.8145793590525514,18.18350896450303
91.7,64.86758690421006,15.316775821570488
1.44,4.461174593456615,15.867219731489858
47.0,61.88813861956123,15.352139484068397
0.74,3.1453238500657505,16.39441518515385
40.0,59.34049597059885,15.495112664462223
74.9,63.16858873751961,15.244697231349805
14.85,68.87904195737843,15.302969251768866
23.1,21.04780394338194,15.334071007321105
34.1,60.99086518485133,15.808714549604728
12.2,17.631105158239443,15.507973239427706
34.0,25.30505758363965,15.415542528552567
46.0,75.55919013338965,15.470831858406816
60.8,59.027002310054,15.313064085855922
2.0,12.997245967390928,16.022043260657444
4.35,8.885662293578104,15.584232856147455
23.1,17.897125883949197,15.515619629694472
82.0,74.23923617925541,15.238886090441678
11.0,10.153530445066693,16.06222485755186
66.8,56.310769425587296,15.286815739988457
11.0,19.372034596966028,16.02401771077405
12.0,24.095140064578175,15.319789849777688
1.0,5.958667364923585,17.298165649335964
74.5,63.77301877511043,15.353217156329988
59.0,60.440905041504685,15.254747478110446
76.4,58.28832003311484,15.306285496002374
2.96,4.552400490892399,15.861455117443285
74.0,75.32327640395489,15.29393188697362
93.0,72.46911290991252,15.257848899129709
76.3,59.77346335755806,15.371002888182907
1.2,-2.2084773142513328,23.52933275382252
14.4,62.71204553516969,15.26895623296669
61.6,76.96147044855971,15.57171011886484
74.6,65.37003679217104,15.307312717122254
94.5,58.30287463443676,15.418932277059804
1.5,-6.534030935414343,20.899130560198138
89.3,75.04634637990026,15.500445087074754
0.78,-1.8695408711097556,22.22077194678706
55.8,55.966465529177654,15.287509751392056
81.0,63.428265568348145,15.370722013899709
4.4,3.6462339653874274,17.38336805004447
12.0,12.364354628183033,15.940447824511965
5.0,20.406098467842995,15.358338443373599
32.8,29.959325376175173,15.365769662704112
87.0,68.61416808353908,15.470738418988784
34.8,24.175318549104645,15.774754152093827
1.84,2.9008709452797135,16.312025553053747
74.0,63.10990111749359,15.52639678594936
52.5,72.90749124384757,15.231727792201474
105.0,91.08471404454534,16.35550468738784
1.26,-1.0829594344667655,17.152207988124943
27.1,22.988346873256695,15.821101532273156
99.0,100.45111573167907,16.235152361400292
28.6,19.360679590893383,15.593550401303466
75.0,66.23527261754504,15.656365303605389
88.0,75.21132391300458,15.468698014647812
84.8,73.15208794942687,15.442751325455827
105.0,108.76601729320825,16.35054946334493
84.0,69.0548980545044,15.471411638704026
15.0,20.20589501765147,15.318891039216371
6.1,1.385334117054846,18.05907427890217
15.05,9.587711350232798,16.273418142549286
91.26,72.57681037248673,15.23124808369447
83.5,61.26282694768955,15.2573985931616
19.5,28.001429534976033,15.26238043486164
2.5,1.1833848604087578,16.600280611580448
6.5,6.7152875108597385,16.797567947273485
1.4,2.8743903887516282,16.593352582351955
68.0,75.53746111068428,15.470574125652062
6.63,6.886026589871889,16.573245902031626
26.3,17.983788875554094,15.337843017919827
7.8,3.765657661105209,17.840226568992815
8.0,26.206122318186665,16.093346106190776
14.51,11.658815412476883,16.467277981299034
37.8,31.8228191243362,15.80310353434302
41.0,74.20200361999818,15.238956516018591
8.2,15.320227328681085,16.33523973097976
3.9,10.958520742951556,15.845108492449281
7.5,13.83360994916072,16.16742469486744
32.7,20.526459649765915,15.32477369769372
29.5,30.895048028577513,16.036731174091102
1.4,7.068037719898882,19.711091549967723
9.6,4.676156116319689,18.1334562488014
0.207,2.876085025633273,16.03779461320143
81.9,72.11668241743814,15.308558891572325
100.0,118.49414155109679,16.45479548081845
82.0,66.09419836423885,15.394488619353508
67.4,58.01212684603948,15.248750364647098
20.5,50.50440980740341,15.274324953479473
9.11,23.657420448104045,15.42000438898512
5.3,8.858336784247445,17.020241728694003
76.0,75.62670997085391,15.298476110407927
17.5,26.1584231086645,16.712128279789994
10.9,10.059481141751402,16.55681555514832
3.403,3.2433793344075674,18.654682263462757
3.56,3.633176001170497,16.261313309271166
67.0,62.32006058767688,15.33422400768933
24.0,17.389997570021343,15.336469373201565
18.6,14.15641885220445,16.258418186145505
90.0,77.92236951424303,15.420838527372831
10.3,8.507675915864777,16.53951498111561
22.1,7.775988397526788,15.678018350782908
0.902,2.9841585573211624,18.126906862201103
28.0,40.94405926832366,15.645704952240749
11.6,18.340551137570532,17.287705867036507
3.2,1.4079231796883604,16.253642214407392
35.1,23.272959454394005,15.798476714262655
26.4,17.389997570021343,15.336469373201565
90.0,72.95365020495065,15.260227490302588
78.0,81.19623465172197,15.793754496514822
123.0,103.918597367167,15.35471365824376
54.0,73.03619128748127,15.233032026240169
1.55,10.332658829229633,23.108095677529914
19.9,26.72662590237716,16.032732175068677
3.3,14.665205097718644,18.41799870548022
52.4,58.3662201507406,15.271776000598043
17.7,9.1517097174609,15.678020653968284
3.12,5.877585847694988,16.460658708436988
134.2,109.83557939857346,15.443456239306052
4.643,5.507679812746169,16.31833614217715
42.0,66.38536857163668,15.471005325668248
1.163,4.754660244870621,25.73860671513471
52.4,68.04182426869755,15.306067918686756
5.935,10.722725710405655,15.56566500430497
53.0,57.01988536871819,15.442840255967411
8.2,9.77167003114485,16.722536512480982
2.49,5.7095149106756615,15.667543401578182
5.8,5.99355651627797,16.28170934462609
92.3,76.51408707998583,16.609914492121213
112.0,97.37617874698378,15.464490522838073
12.0,5.925180054844386,18.362922536084778
2.29,-0.718630932181803,15.849419915298878
1.248,9.824531659106626,17.866987140169382
7.77,5.766362762144503,17.20470647970727
2.95,9.074816135131151,17.113571643116412
18.6,11.011143102471419,16.09566908444625
1.3,2.785199347232318,18.124242135591064
57.5,60.372897734054995,15.844665717721798
82.0,65.04007521077065,15.383001081225752
0.75,-3.8094027830106327,16.96681372703459
4.84,10.727696504697278,15.566500973259046
87.0,60.80447421054481,15.511868479643054
1.4,1.852654963860644,16.493443199390807
5.15,5.741665907021325,17.69468038353078
8.1,2.007174140515062,17.437254856535333
38.0,24.37892137261492,16.865770818179712
22.4,62.49533483477602,15.27781718417098
71.5,59.31803939097374,15.275295138809367
85.5,72.7495233191907,15.385374694738776
14.6,11.999912886045433,15.719850717482865
4.46,3.044416762925291,17.050377645230636
7.6,9.18365669120282,16.35238809458617
15.7,18.54170860337425,16.162179115587534
4.109,7.269652670573006,23.198151605445048
40.0,65.09204212437007,15.266919137370676
3.7,10.28127643293476,16.2467226655105
13.0,21.94889459301929,15.332101502579413
88.91,74.35768830321003,15.481937330287872
8.47,15.395339094009977,16.01253643455329
8.0,13.40109010991831,16.057582531125206
5.3,1.1766343241825012,15.952613842026436
27.3,27.332412045219677,15.428911468956294
4.0,2.069602416745319,16.981124625267594
7.17,6.55253151690642,16.362839108445684
13.0,13.600052717219327,15.729612899283246
5.9,-3.4616356325328965,19.36655511287346
3.51,11.47398977773813,17.56095623676197
9.5,22.27462290172903,15.295428508720919
9.0,55.67388079720149,15.284168708390832
38.0,56.747403320279226,15.454388979145492
33.0,34.06999520103765,15.743068760045846
30.9,29.85295398197887,16.05687341289618
77.3,68.51452655958738,15.271570721524443
4.5,12.266138595029133,15.894296446003857
30.0,31.98620137104748,16.036892557301492
104.95,91.99598795691557,15.370439988999353
25.2,47.10339959897327,15.371505409103506
0.55,5.005019006523103,18.051546438728835
3.89,5.192094686781182,16.060474014065612
1.5,2.77515820949861,15.822250833280206
10.25,4.336603087991879,15.946987732738279
94.3,64.09049161774931,15.283456062157674
92.8,74.15536491898776,15.239117512007143
93.5,63.58460488451019,15.259693572651344
2.3,4.634503124024604,17.69540323134117
76.9,61.69370834196132,15.270056867314715
29.0,19.77929323013236,16.14898843543029
0.39,7.3752450585274865,16.189338752873255
2.8,5.578404779101131,16.025118569831868
5.25,6.814346316315341,15.951516165927648
4.58,11.706190829873819,16.992821284499726
19.8,35.323146904355184,15.965888037369302
3.7,7.3027783548079235,16.729878159406073
1.3,-1.4480806803270525,17.12686633013814
11.0,2.4497826764112816,17.33500286885832
80.7,60.90493624684541,15.943084211047886
2.2,6.7873570853263345,16.67369559624729
46.0,74.45182917791604,15.2394950440827
9.6,4.911598242089596,15.811257634181226
88.0,65.68904681175312,15.40388226517573
88.0,78.26197224286663,15.291214141596607
27.4,27.490109320990747,15.262472068900378
2.52,7.35805697063844,17.928687860645507
2.3,7.063524326598973,16.773141666178297
87.0,81.38743443241965,15.330224157361172
77.0,57.65609072241586,15.61242193104951
75.0,65.37003679217104,15.307312717122254
8.4,9.427586620976832,15.801878221591416
58.9,68.06768414521615,15.426604977734923
1.7,-2.782646937130174,20.68852636021885
23.4,53.487354063473504,15.290700682839127
1.57,4.000305272102338,16.271649857483258
7.0,17.913915026590463,16.108371872893763
83.0,70.44618544294326,15.288484779713023
1.53,5.671666296808567,17.79382651202045
14.75,16.173917796298138,17.169730717991765
11.3,26.52155152862462,15.72350531780443
3.24,14.47051829610185,15.930444157880189
6.41,10.078137257046095,16.70019796761482
17.1,73.16381844002387,15.234970216339674
87.0,63.484660481529225,15.35698262585606
2.15,13.611522375755857,16.17913823411652
40.0,57.913512415574644,15.294680278572875
30.5,61.63201345048012,15.26957763044999
4.31,0.9825581468418463,15.947079612565583
83.9,74.87840598945152,15.516284826788263
29.5,17.703571281233568,23.416180013876104
41.3,51.57557632013784,15.27401468325072
33.0,57.27338055419633,15.248478960583242
13.0,12.071898581472443,15.57024909125253
14.91,12.036540599417481,15.643904620349558
96.0,68.34315340196056,15.590246444604794
8.5,5.599224718623635,16.15476515136515
4.2,40.992699043115586,15.403654082491137
10.6,18.21802219828812,16.109919221249903
4.04,3.4025932621484003,16.25985943978886
13.1,9.263897318621677,16.38097674864198
16.5,12.70941067176425,15.864294590543048
7.18,18.23923716009653,16.827588079702846
13.4,12.71418868045637,15.886792579066242
36.2,31.948109500631322,15.875475752291589
0.0252,13.767078883905569,17.22147125270135
18.96,18.001435223799593,15.421592493031934
105.3,86.07968233759196,15.337711919775554
83.0,70.20000689066974,15.264674596348717
72.2,91.35051604661629,15.553544554525102
28.0,57.181269720960344,15.333444011959454
0.394,-0.4016744345597587,15.843477093696459
87.0,77.32013742934042,15.41922164796212
7.3,4.075534545386152,16.309014117272582
81.0,59.329205990501656,15.495029124847655
0.668,6.579753262985861,15.943044913418166
2.2,5.868809961396039,15.803954451309805
10.5,6.199379239152815,15.941377117578298
60.0,59.77777049745532,15.255574903909636
88.5,72.57681037248673,15.23124808369447
33.0,59.700447745038616,15.419537652901214
12.3,17.24848887014647,15.502032684515706
42.3,51.11034121275351,15.377469355002994
99.7,85.67417054372497,15.85133229159015
3.15,0.23348288518533877,16.788716377668134
89.4,72.57681037248673,15.23124808369447
18.9,15.724811014926612,15.618573224987976
32.1,49.50182828846693,15.349968789844205
85.0,84.59603794968935,15.348893456924984
90.0,72.16994742904089,15.285296135825467
106.0,98.13862548315174,15.377587648749541
75.0,74.20200361999818,15.238956516018591
2.6,4.283019007766001,16.407990645208717
73.0,67.04478894227495,15.422942580465273
94.2,69.03342524667406,15.28799249080879
90.2,72.62723006488503,15.231061091327083
38.6,21.287255850579612,17.831540923343653
92.05,69.64321031157586,15.449593557904224
7.02,6.431837176505663,15.911486059914365
48.0,60.377174487010066,15.278595849761757
17.4,12.331858790265496,15.761670411793487
3.66,5.189483852810572,16.0645574482302
3.145,2.2342392500467625,16.001825750076286
2.45,8.084737614493513,16.006216378573132
0.6,6.810075435274417,21.310169713480814
43.6,59.54023686355012,15.283819773969975
29.0,22.781815053741287,15.27908103281301
7.2,10.260523413370038,15.696109350099537
5.05,1.9785494799801242,15.838806172550221
70.0,62.4648596369144,15.538742610718447
43.0,70.28489172463456,15.424586139343088
8.8,10.237182543358859,15.707636726848865
1.96,12.60972597140589,16.63199991356879
86.9,78.4659566961833,15.488749730418883
61.5,31.0769300794855,15.701000859600837
81.9,74.3983300324022,15.258520815892288
80.0,87.16006264578591,15.337777648242957
5.5,-4.242437806290837,16.574478679089523
38.8,69.98994939498145,15.423177223514928
2.2,4.468287972729854,16.56767047293295
86.7,72.75782219746165,15.231007952927465
7.5,10.353968181873643,16.10769067191641
22.0,20.613904906104167,15.85034924250011
3.3,4.505982835284058,16.672893156706433
99.3,79.13032022002699,15.39825158025937
3.0,8.047474166925511,16.86083085778425
70.0,72.28397989013014,15.36891251324304
38.0,30.60999137100474,15.55325877671462
32.6,22.818667508431297,15.923260889674255
80.0,74.77736431749564,15.319957918110363
27.0,31.304779012728055,15.302087299475769
10.9,17.9241556029232,15.48758368102838
21.8,26.600988120813167,15.738917651516774
22.0,17.436562967722768,15.505708473400398
2.61,4.567136265547795,16.49249497888423
3.51,2.0289027643366424,15.72326862459679
2.0,8.312230951210925,16.80242068283919
107.0,90.08856480488768,15.37312161473519
63.6,75.87028893752125,15.46651769887677
8.7,6.9839677064712795,16.618579620627834
54.0,23.55902769568091,15.524839131598409
93.0,75.16481371180487,15.265333102013692
24.3,17.389997570021343,15.336469373201565
90.1,72.66749173383597,15.23097801914363
29.6,21.964319382809315,16.50595317661375
34.0,78.6370799231206,15.506485449003993
11.9,29.89807863876665,15.315400589970974
6.8,6.752309397594157,16.520181517490244
12.0,3.959031043305128,16.074313558841535
90.9,62.206276458363234,15.278393061479656
33.98,31.34365068096341,15.795097202118109
12.01,11.872693345314872,19.424705920804918
52.8,75.91066100460657,15.591618990274712
80.0,58.32176631276032,17.331738219087136
88.5,63.13882472981469,15.335253518198709
41.0,53.38655109114224,15.289154617085138
15.6,11.392866705783359,15.694481352454487
8.85,7.218459321814116,16.406389561173036
8.72,10.420350570061249,15.577241320798423
82.0,71.66645417036584,15.289702331904587
74.0,59.45091651746417,15.283831364631585
7.124,5.965561912937893,18.842503110900925
9.6,2.5223681209404063,16.99634845447183
7.1,13.121319162942175,16.337834198931315
0.46,-0.03373026690733383,15.967636188657007
82.0,57.397609419449694,15.284409882342002
114.0,88.69125830126873,15.456810413156674
89.0,70.47659590911417,16.032991698308937
6.55,1.232621905670392,16.06872251274499
5.1,10.06771935832614,17.818534180444647
92.0,64.95807051967104,15.305800737571694
30.4,27.039877897834984,15.482488398546169
36.0,28.116559141068866,16.20080025689658
8.71,28.067651305706338,16.205090363167923
11.3,15.129825043858084,15.772079424705602
16.65,12.699559675139891,15.87979240247503
60.0,43.77338440291618,15.467147115187872
32.0,22.16262455980157,16.069219916818543
0.137,1.3476331747048107,18.388655312881237
63.8,59.30746991213742,15.55729037940987
16.0,22.978039131616594,15.347833924113104
23.0,20.107987270949124,15.62953982351752
51.0,21.004084407226216,15.474682061404266
64.4,59.34915621321396,15.277270949034104
88.0,76.51408707998583,16.609914492121213
60.73,64.78327214546339,15.369352862007265
0.79,35.353031419612165,17.004737129715604
85.5,69.5833454561398,16.848584938708452
72.1,65.48358918584167,15.383945156816692
10.9,18.657700132147156,16.773723701590132
17.99,16.168641440154826,16.137298819399643
11.8,7.578146778554135,15.85011701290732
92.0,72.46911290991252,15.257848899129709
112.0,109.9175174720921,15.516747846932734
3.96,0.5856134360832925,20.01121051623868
3.82,6.052408796294046,18.035540734810912
12.9,8.995434816198024,17.665064155076653
3.5,8.286547567064705,16.955334600130072
111.0,88.69125830126873,15.456810413156674
17.9,15.724811014926612,15.618573224987976
63.0,57.05203449392162,15.280145051994934
1.05,6.763340446064216,17.771090157363087
59.7,60.84527018045789,15.274966060972247
27.0,27.982000507538974,16.771826721435836
29.2,29.337387269576112,15.967030552679667
57.0,60.09118917025935,15.254583396992514
18.4,15.724811014926612,15.618573224987976
3.37,8.86227595675523,16.515730703434848
112.2,95.99875571448467,15.602142766393861
27.8,24.942668093911017,15.647698166730237
0.037,0.7527380564114097,18.403406817555112
7.0,20.79189999721237,15.643560953372647
87.0,75.55919013338965,15.470831858406816
14.1,17.891030904328357,16.273399700195878
65.5,59.31803939097374,15.275295138809367
5.04,1.8967687637603134,17.694551933941504
10.5,4.46392527053241,16.487182667496757
80.0,64.38075529767255,15.305204830357292
34.0,53.68680619931892,15.425662124925793
28.4,30.96842383668315,16.498996447753623
54.0,74.2079071967226,15.361416994633364
89.2,72.72574721063025,15.230962857804265
1.1793,4.754660244870621,25.73860671513471
24.0,50.240421519775005,15.449466166050167
5.5,1.922430475823674,16.267903163742016
18.4,7.342123474086062,15.47650994402667
91.7,69.04442103285504,15.749377117109978
45.0,75.00044391625991,15.776569266551144
32.0,47.92706541158007,15.370755754055976
92.0,78.26197224286663,15.291214141596607
13.1,8.60340511627599,17.01252679933706
7.3,6.431837176505663,15.911486059914365
23.4,23.16051818047395,15.32349268410818
4.9,5.145523608951407,15.928345770587283
96.0,74.34325755665753,15.231201115434443
5.6,4.0501013178996885,19.242099913799507
2.84,-0.4726816286984814,20.647442490808732
78.0,62.392742053793754,15.391864255237211
2.75,12.803577669086469,16.253564503262474
74.3,78.08492472040521,15.628401034709922
5.55,23.692982824543016,15.474771379296172
21.0,15.514859960810938,15.32095583080841
30.31,21.531935285036077,15.577820549310392
16.5,24.920829420644694,16.2446169174559
4.75,4.491643624644983,23.544582420348004
3.1,6.120043537213061,17.540801107764167
14.68,8.132160467450287,15.51457856595831
84.8,72.739785944712,15.230977904102778
90.815,72.67754644937853,15.23096650612137
6.1,2.0979964872866503,16.20809510813408
1.94,2.765501009221243,18.056552721718678
4.2,2.7945706357913096,17.725106488463645
3.76,0.8647536350533187,16.438222952360274
93.0,70.83405166845145,15.410147185392947
4.15,8.148810543857344,16.07881390627862
3.229,3.248068120276198,17.440648734544823
76.0,69.91365884781678,15.35384392851978
69.0,58.136378335615916,15.319289627247691
0.734,1.1108133179970068,16.855396550438623
4.2,11.921266106059928,16.86161142304896
18.05,-4.205112108532482,16.28643390598775
5.76,5.632131810781381,16.033038776913997
4.85,5.8744517454214815,15.89972858058785
13.0,3.428983105811014,15.872414862634649
0.12,7.1753582497998,16.053902954658998
31.0,62.14122691722295,15.992849101478496
11.3,16.630284273006875,17.21324263881897
5.98,30.601141867480475,15.307851836841095
2.5,10.226940382727165,15.550549753547102
54.9,62.05688019587046,15.845614001917168
0.024,2.9076283111991934,16.027988004802822
8.5,4.9636558866918605,15.977145347196453
46.5,67.35004328058031,15.748140854443008
17.0,53.29627429147717,15.569655034425367
2.1,4.255101414688532,17.254756571130567
32.0,24.040603091997745,15.27441468550863
30.2,21.581380001021166,15.314504317431158
2.0,0.7680686309260665,16.04769534084892
0.3,2.3840116044429394,17.234733528051063
12.0,14.218157127678325,15.417353924452573
6.9,5.478517547132601,16.338177389715817
17.4,17.9241556029232,15.48758368102838
32.0,22.149354722005985,15.486204955079986
9.0,22.57404049917605,15.290567450840946
91.0,72.46818680997413,15.278776100631186
8.9,9.034794896685408,16.31355412405308
6.6,9.914035216434346,15.663200578022604
35.0,35.151550246795544,15.758886256870731
97.2,75.23307039203587,15.46870864218818
1.02,3.844364496049838,17.093406035097466
0.85,1.662558440259275,17.708280301554364
12.7,5.905140559493759,16.165804681355127
4.2,-2.497820412532157,19.064304515982226
12.7,15.528795419863759,28.679853717929504
81.3,66.2735620125504,15.326354553071615
91.8,65.3303073495285,15.27562689259796
8.1,8.998700240888326,18.734201457902063
38.0,23.574915927659774,15.552352582806735
7.2,-5.5907157560345055,17.07810765666122
40.87,73.20285207618124,15.235694321682251
79.0,64.93480501970868,15.271359142289873
83.6,60.92383070559369,15.324810552479233
29.1,24.04221912322942,15.274429928747626
4.25,19.494611522416044,15.98245127278748
7.69,9.810055786175244,16.117265131434163
4.7,23.06369213175389,15.42381542740069
75.0,77.03526654170832,15.398386034755633
1.2,3.971137721372763,16.2953288983465
3.06,4.292884446387099,17.27822324817099
2.0,7.00536209496925,16.339978574290996
67.0,54.71000710155464,15.2861051456311
90.71,76.0376377717998,15.403027091357469
16.3,21.521557167970652,17.680167360489246
2.0,4.46658432617329,16.434000891940354
79.3,40.7790955309484,16.23198455931308
59.4,64.50933384099605,15.380813551804613
76.0,59.26019344578653,15.276902339945847
1.87,6.111591525090912,16.00936511928471
83.0,69.17918758701069,15.418420759642178
59.1,58.01212684603948,15.248750364647098
8.3,12.931760629320888,16.014399398484834
40.3,38.811810627056005,15.456016282633728
17.3,3.5855731535564104,17.651111549873136
15.4,12.096128352290517,15.71946953586674
12.9,23.67383026781875,15.377967544614956
35.0,33.37151546646601,16.174921120162153
61.3,78.75774339411399,15.291296350077399
12.0,30.179174075276567,15.312136098953495
0.03,-1.4395867857120948,15.925620059190484
84.5,62.14809763242975,15.32550967975098
36.8,57.80699821832742,15.418418428262154
18.0,22.598988854016007,15.34852155071637
0.79,4.461174593456615,15.867219731489858
14.3,14.656669050012304,15.383373254688824
13.7,6.09732119311138,17.79342041025354
52.4,50.55678007308394,15.349667922338
12.1,12.358574742550758,15.75073513764239
50.0,82.08920043544754,15.378609708764587
80.6,73.12057458577826,15.43649255295213
6.0,21.717465159420495,20.743550516718685
7.45,9.486632565413618,17.194679892968942
35.7,44.4686528081853,16.013591207902262
15.0,-0.6606870846514354,16.320772480533194
3.0,2.6472778528675676,16.594038372759222
50.0,61.93074424156276,15.291236334098581
40.5,57.416307855574956,15.289933996812126
89.6,65.34983096050043,15.264121664997027
1.87,1.269914876296923,16.206594880227435
126.0,111.39128386447476,15.48088263036237
52.5,28.486675954283136,15.68340065175535
1.608,9.830383263522894,17.863397144470248
81.0,61.24180805746353,15.274465669079676
105.0,86.32028938056357,15.572822843566751
87.0,63.35889917000725,15.327662707643132
2.69,13.042044268126944,18.704973818844493
95.0,64.76264600416286,15.255346418907852
15.0,20.75678454975907,15.742785215086709
11.2,4.0030113859766345,16.06241288429071
65.0,65.63355759970003,15.266404995972259
1.97,3.49535005852357,16.231064004664994
91.3,72.47568527035322,15.231898273999777
1.7,0.5856134360832925,20.01121051623868
2.5,7.278759213839951,16.565399084226957
30.15,29.97682887118962,17.639939454005766
4.75,3.032865041310739,15.77255382927089
93.2,63.80765461684136,15.300634044364637
63.0,60.022052024583076,15.501556676605679
31.0,23.522478498949386,15.893881178252508
16.4,55.287759931990934,15.448240804188924
4.7,9.728188854013531,17.446209967430956
0.05,-0.5562855034867695,18.431701071064097
1.35,10.622527695050543,15.677978665721804
17.2,20.21498900381583,15.606388066364715
17.2,12.331858790265496,15.761670411793487
36.8,27.45674087334007,15.594148529935124
47.4,58.561274226872364,15.3188508187537
10.7,15.350140276998694,15.861711873684998
68.0,67.38218372608966,15.415522320066621
12.0,17.068154090923965,15.498686147290645
29.1,18.82949378875723,15.59945407201762
7.0,8.272259976313965,18.71275006221502
72.85,61.45487318657161,15.257660804217307
6.4,1.232621905670392,16.06872251274499
5.4,17.154811064719983,16.86288537462441
5.61,9.63196829102391,20.1500322496936
80.0,71.55516089166571,15.253902839371852
31.9,58.72083626777885,15.790039109933705
43.0,63.124652276050966,15.302405687945217
3.38,2.64078737327511,17.0104132885028
1.9,3.191498977772376,16.43057926173175
9.6,6.661317653827009,15.935547216924041
94.4,64.27122759228043,15.28533400271045
5.4,23.037488465939923,21.325531146189526
15.0,16.27637469268663,18.35710580340303
26.44,20.093569521392343,15.3303803794747
15.8,12.168164636040771,15.807322333907562
39.5,51.923436034011615,15.469542465585699
6.5,3.4394635575432098,20.310476348675436
84.4,40.07188692572777,16.203942190717598
72.0,74.3983300324022,15.258520815892288
10.6,14.47118725794503,16.004678567321427
16.0,17.67986725483977,15.49377690058527
5.15,6.431837176505663,15.911486059914365
68.0,60.69200054792337,15.255145744516472
3.3,4.7607593137138196,16.360576077387247
24.0,46.09083798245923,15.501877968141425
46.0,65.54135919199938,15.591675199911965
3.49,6.120841703362615,16.681582690045534
28.0,78.10347514709278,15.277206980882488
14.1,17.109961950620466,16.237444462404444
87.0,49.05843194183559,15.556793898963226
2.23,-0.718630932181803,15.849419915298878
91.1,67.30892605748059,15.341079926729018
51.3,67.38218372608966,15.415522320066621
74.1,57.99247836136616,15.704756894602339
95.0,72.67754644937853,15.23096650612137
0.45,-1.9639076093499455,15.744395128864173
15.5,16.154550639331415,15.473781613614356
28.2,55.33746644407958,15.251177169593781
6.2,8.799340844800579,15.515125718239274
11.7,5.758594448584386,15.927433210380526
13.8,12.096128352290517,15.71946953586674
37.5,20.526459649765915,15.32477369769372
90.0,67.92944499178172,15.363526843544792
23.0,59.692083007908835,15.359414732593399
0.07,2.5715092369026777,17.470521204263267
32.9,30.966654854249388,15.764431401303115
76.0,66.48728704914464,15.410518262556304
20.0,60.4816930929469,15.254330176021305
81.5,68.98633228587036,15.26955412370035
17.2,13.593849214001796,17.51869867604531
0.55,6.112054951577058,17.442143539776758
58.0,53.7812693661527,15.396530441246139
24.0,17.632765204568777,15.421640572851263
22.4,16.2129752653365,15.603400068850823
89.4,65.11922541744683,15.342655116147348
6.0,5.789615465980841,16.122636869589126
86.0,69.18891064944819,15.25791442455405
2.3,4.458595116085341,18.86888887357181
1.83,1.6029280323591735,16.296990575949852
4.16,8.436731993118055,16.040217785747714
81.9,60.40663037510407,15.274673011048437
6.3,7.289665556480365,16.47404778617724
88.6,68.66226658607701,15.347828009053394
10.75,7.278801970226187,15.92776915840155
16.5,19.0764640235153,15.271441497131104
80.0,83.81383177395782,17.259752016552095
4.08,5.160102978410109,16.122251657236454
51.0,62.92898791881805,15.76928801053295
46.0,44.995761265117345,15.896747269000793
68.0,63.924159081465106,15.298547892825468
37.5,26.872643655878477,15.532785925390145
27.6,21.80087046095037,15.584877082409399
4.6,-3.028118465385539,17.081230018839214
51.0,55.17906681178241,15.499580166605046
76.3,63.124652276050966,15.302405687945217
18.4,18.062815415246764,16.16094408334876
48.0,60.67117767971227,15.274790723851348
33.0,33.82826600998257,17.41926966716099
50.1,62.973421587414435,15.285798272724474
3.85,10.620075716880777,16.485694413477972
11.0,24.2220964281029,17.861188756976443
95.7,72.46911290991252,15.257848899129709
70.0,72.45239927408446,15.278953550754139
13.02,8.23286970253044,15.49483970563753
0.138,-0.03674878879887444,19.738770588547137
9.3,6.067668483245349,15.966925670547996
77.0,68.77526053537039,15.327947033152956
70.0,60.95318912060266,15.324662743567522
76.0,75.22068440813126,15.483092194120701
8.73,8.684307016400538,16.32905232564582
36.0,56.14721068603414,15.249782279445627
39.0,37.141070320628586,15.432659933986406
37.5,28.12825923754749,16.126693503883384
58.8,73.07558149097619,15.233560800172675
9.8,6.2740787791349,16.145026141952542
5.79,-3.1492315050877835,18.608712738207124
68.2,79.93457272772827,15.478211755976226
16.1,19.283999379178002,15.585661834367924
24.2,15.150091114982875,15.425153471792612
3.47,6.722346621082011,16.31368670672156
5.21,1.6679194435828535,17.005200750035257
15.65,10.626723376018216,16.44446311290342
74.0,72.22650695472889,15.327239161238207
0.325,1.2273137952927442,19.638389573640076
6.6,7.950353238130571,16.55772574260932
12.7,19.607166217281616,15.61429345236125
93.0,64.54269074328607,15.287010966520405
20.95,9.689783217857958,16.33310817959236
56.6,49.417512225536456,15.431397110752794
4.47,9.728188854013531,17.446209967430956
95.1,75.55919013338965,15.470831858406816
25.7,62.29507929634202,15.275309174702967
82.0,82.74138370343147,15.441949210878837
22.8,19.684879836099782,15.858364379139152
93.0,64.20766584883685,15.286606110622738
40.0,25.200450772238323,15.267560324235752
2.8,8.895770216742928,17.225111701914543
97.9,79.07907672034469,15.578534541940167
109.3,84.38360568231715,15.508994328140295
85.1,72.94526877472626,15.260542732357738
91.8,72.63830874827183,15.231032345643076
2.75,0.37663651836088974,18.658351333905188
0.03,0.36352714581052226,18.459968033879726
24.0,71.36403063263504,15.600458178406639
36.4,25.48853143315104,15.266394445762334
4.31,3.747244468403526,17.896366778047444
1.9,6.861466099799756,16.45366469289785
42.0,72.97691679591358,15.232351398944013
0.7,-1.6141572486503577,19.3034461273194
0.76,8.87421647816177,16.809861908614486
14.0,14.156086776657542,16.26289190804012
2.53,5.766341609283469,16.221533497722966
91.5,93.40015838493613,16.736137936779183
0.155,2.9746133713416967,16.01111071995806
10.5,15.35941165566399,17.16609338099491
32.0,65.57677021586758,15.95310465320898
6.51,4.633551756259415,16.299692083537124
13.7,7.871939709515715,17.17538288604639
14.2,15.5685965432228,15.876279886753517
7.2,0.5722447465779936,18.70653522373768
90.0,72.41276008029226,15.27944245669599
70.0,86.32028938056357,15.572822843566751
18.3,17.592390856038474,15.429777404354931
7.45,4.706269044922042,16.984966466705682
16.0,57.70870965624955,15.28269109706971
60.0,75.34180397711467,15.469004924590973
86.4,75.59011649152663,16.23557903674191
2.92,3.269380944345336,17.865604093046784
20.0,47.60213339626571,15.548819058597442
0.23,5.41899089872749,17.12238169461673
3.0,-2.2974923814320576,16.136642382369487
34.0,46.11943392431822,15.345831537470811
3.3,1.1051987842912752,18.354155755771508
0.8,2.7428908523945523,16.988801027018923
11.0,32.167033043454474,16.42707155751227
105.8,93.56194741952223,15.514486952765125
67.0,61.98752460203239,15.3477993196821
3.81,9.29472310089244,18.788082061424248
29.3,57.1031157025066,15.43774002562443
6.5,8.0336218430426,17.102793927870234
66.7,66.03349664271443,15.539253347895897
31.5,55.15456729844351,15.790867660777407
29.57,23.67124963485532,15.323761488939205
40.6,71.45667022610485,15.26650818607613
15.0,21.283051744316374,19.00396616161994
0.02,1.7175473686271303,18.037745616434666
43.0,62.90265739845359,15.573558564705037
22.9,17.389997570021343,15.336469373201565
31.75,20.91253876975867,16.042425384107045
6.2,7.289665556480365,16.47404778617724
130.0,106.43082716760986,15.498591860470876
79.5,81.02348605297215,15.319962902204988
77.2,61.06636067561738,15.446881919972572
54.0,59.00017934816284,15.260244505296814
5.74,30.423717774379476,15.467114663573419
2.4,5.574238730071279,15.943200895034433
14.7,67.28193208289682,15.335940173706366
5.85,22.035991538940873,16.255116525025667
53.0,36.2435642501165,15.57158162254812
30.0,25.75712734830143,15.328466705613497
127.0,96.24527389245988,15.430665240113614
5.26,3.343726641366782,16.692631143106244
0.35,-0.9084416444985095,18.026550380878835
82.0,72.69764268759033,15.230954598895135
1.2,5.142764021142881,17.205871738670155
3.76,6.0557963189196435,15.915193765630645
6.2,9.854216892633676,16.7584722913477
26.3,24.18723551492408,15.273346381142492
13.6,8.443743753520767,15.647017071219006
4.1,9.89149572349623,15.666892543642849
26.0,36.83827309924887,15.743974170271885
87.0,120.38913798815037,15.983469490607545
5.51,29.726112586690206,16.44450369331326
1.615,1.804456198845159,17.029362748079656
6.25,5.8946827241323625,17.220093163193855
30.0,23.831722216261433,15.326960445790553
35.8,73.17358770449822,15.235145604634058
86.0,73.40651908061358,15.458962758893179
30.0,82.11058121029205,15.378199923310833
0.7145,1.5969521761462957,17.598490765390256
35.0,27.326296446318665,15.458232913059492
17.0,18.309396064314402,18.678936022394932
2.76,2.6117599270556617,17.60442713937436
7.1,2.596129738118357,15.82336296551274
30.4,26.748900951306403,15.450708307922746
66.0,57.74002036880308,15.28031466915153
62.0,67.38218372608966,15.415522320066621
8.5,10.929762796521455,15.542091395339598
2.9,0.8358258966425041,16.84944816745663
5.14,5.945499302180043,16.014395806203552
0.21,6.992906237524053,18.236756731275506
120.6,102.35258887744004,15.594095037271407
80.5,66.06975316371985,15.30934543506803
1.52,0.8565823831906627,16.164061732807376
10.5,3.686542742729049,17.921241942388885
75.0,72.635336691493,15.735965979124577
19.2,20.478803042417994,15.673826074410739
5.1,9.889695774786386,15.659084544450858
7.29,5.086912028972808,16.090450496544925
106.0,90.01980464893168,15.372863937407589
73.0,58.7758557902587,15.289375380483875
10.0,7.580824078131911,16.628501526979097
42.0,67.09894049671217,15.446098665606451
25.2,20.546153347345346,16.411408808813743
61.5,64.285156431119,15.28830896500434
1.49,8.212531045202073,16.398206625735504
9.83,3.536980124346808,16.141482201843587
19.5,25.020328664653906,16.152358502093318
92.0,56.00004185926568,15.32788992850764
16.89,16.13117724842647,15.901101134943339
2.2,6.89775877684778,16.22817978908348
6.24,14.02134180106614,15.645112011584702
4.27,-1.4542623811121942,16.733167631229584
91.4,77.32013742934042,15.41922164796212
7.2,8.986552977509412,16.3102378452045
57.0,58.05666818026941,17.95450122037044
76.1,64.25230149706788,15.415176481304568
5.6,5.7158401244526615,18.980033960171056
6.24,6.943345367197633,16.546588572681614
73.1,62.007749456256825,15.247040674315638
7.214,5.956845618038368,18.97019484790518
2.2,3.2023312000031012,16.947456031828857
0.102,0.39535119223732806,20.794900242548955
4.61,-0.22469071549358688,16.26463942995667
6.6,6.667658800515074,16.463848340448806
3.55,9.601838576248532,16.516986993707423
88.0,71.97538464154103,17.743088608819207
26.0,29.534382087086826,15.32019878261313
85.05,72.6351659396916,15.277497663268305
14.0,10.223025158717252,16.287914903295484
2.45,-0.07287686224844947,20.074954191096026
130.9,108.87259489655855,15.428167871927654
107.0,108.87259489655855,15.428167871927654
3.5,10.00672604681321,17.033959185907705
0.76,6.3319097837124545,17.134973317572975
5.1,4.194998228089027,16.206815616844096
51.0,78.62142483548456,15.361806962509192
82.5,67.73057182939793,15.36990887123535
17.0,11.99247321356414,15.835755560538168
2.68,4.598537235865489,16.080222354829594
12.4,10.782673424064726,16.569528541250843
38.4,69.48695085049971,15.259113235217233
27.9,23.751394202618172,15.276833494512962
4.55,3.1748047139894346,16.80164104228298
80.0,67.17442057390485,16.102860827511464
0.0138,2.679354682877136,16.726055888116484
25.6,22.149174869426965,15.418292269227464
49.0,66.54519458700324,15.748060304131242
3.91,8.513730644006369,16.709606701970586
70.3,67.79870615062373,15.292585422397362
17.0,21.785902955157596,15.30877045204993
14.0,49.48544371286184,15.454438247773437
40.0,52.22201117757703,15.439102719376184
25.0,49.1274514660526,15.91043500307792
2.5,1.3712342260033736,15.967252409578448
119.8,97.34316095440238,15.87209358065214
117.0,103.5104472750102,15.40047293348939
16.0,11.745646129545019,15.63142905303844
1.5,8.797806156897177,16.45418553761933
6.5,8.594400315037436,15.572067991905271
8.0,4.536853814516643,16.511885750104327
106.0,98.73565068094356,15.933666314128752
90.0,69.22895182610256,15.521193778949836
6.52,9.114074086418672,16.75254642276091
24.0,23.249684762150473,15.587517072525301
7.7,8.09618573238085,16.766767446592528
77.8,62.5636028481473,15.268966296864374
3.342,1.745523163156875,18.994280117549646
110.85,105.37836931614748,15.578939845160493
3.68,4.084031128809947,16.25954953548415
21.7,17.72683130313135,15.417415810920986
23.0,48.464355524878535,15.348842901979395
72.0,56.6846465856308,16.833536173693012
14.6,13.526001196117814,15.956531880038163
8.55,6.46534861708157,15.713306322510334
0.95,1.4831170399300078,16.2158990954311
7.181,7.008665969974768,15.97264202398361
26.9,20.503411647789193,15.360272057861046
1.4,-2.243756996429802,22.957541307323705
28.0,32.12075333537077,15.67528528087667
29.0,18.82949378875723,15.59945407201762
14.0,48.200883838193874,15.394597652940268
1.78,13.568175952785317,18.837418991655383
47.2,72.31669517246442,15.280885779807896
71.0,62.513193492759186,15.25871552647606
10.8,12.532382768872875,16.73552948408883
12.1,17.80595434228871,18.5933759774621
35.45,25.48853143315104,15.266394445762334
11.2,2.5794569806527647,17.08449743396284
87.6,67.95304567363556,16.28297655237044
3.2,8.605733943391627,16.115770971012868
3.6,8.940697356479909,16.68738168613968
50.0,75.36354944309608,15.469113136613906
61.0,66.6547882074145,16.84876152081924
1.02,-4.373935343218861,25.112724051074178
77.4,78.83678205024682,15.354977705744599
64.0,86.6394819086136,15.397607716981629
5.32,3.670688994083534,16.131181843980663
38.0,66.85094553835835,15.32984527112236
26.95,22.392666259937307,15.58065114791668
9.2,6.052469996889197,16.52439548202482
0.047,1.5619976648771043,19.77457578910854
39.0,30.39922776472008,15.453228870450326
29.5,27.044688185462334,15.681845181418314
79.0,68.38491623433669,15.328857702494355
3.5,5.003506489296125,17.5169058677589
85.5,74.67791694158996,15.411349987572754
6.7,6.431837176505663,15.911486059914365
126.0,100.67257983214091,16.087446837538803
0.96,2.465044614372516,16.632394501881738
31.5,21.968081769634068,15.318093781098158
16.8,13.575107869529958,15.942636189480123
38.0,54.06582910789332,15.280467392844988
12.8,5.399239818914449,16.57989181429986
65.6,62.4670652864626,15.261745665888736
9.7,4.971658696152918,16.6037761747938
4.6,4.402344631032683,17.219888967135965
89.8,76.0376377717998,15.403027091357469
17.8,16.3408659624331,15.857479157035236
4.5,13.265311225524567,16.610620782070036
44.0,25.08044010128023,15.60965573868837
25.2,27.143965519325995,15.433128359987348
88.0,108.49107504530275,16.290545956019663
27.5,37.141070320628586,15.432659933986406
1.75,5.405081698822389,17.39514009479239
48.05,65.63355759970003,15.266404995972259
1.24,-3.079678039795013,17.19045746999162
13.0,26.982187083940648,15.805480059906833
84.0,69.90250613217793,15.699649741948257
24.5,28.121197730887015,16.79880260201951
30.9,26.67045138068163,15.402278935685738
2.04,5.699190228703479,18.502923260066364
67.0,64.63034127884555,15.345669631500527
65.1,61.115131956726884,15.440845843776108
4.7,4.960442256601173,16.954428868321852
13.5,27.803212858266726,15.33581155680508
13.0,10.777488881671665,15.545567473539133
23.0,22.969182878149482,16.471710665716223
27.0,29.404819292989764,15.48825801929744
108.0,88.69125830126873,15.456810413156674
2.4,6.0848681650421845,16.068711924004354
37.0,27.263228811575182,15.466545095057258
86.0,66.02893726333377,15.357838842078129
45.0,47.47044311677825,16.197875557962764
5.2,25.76278805413149,15.431285782111441
43.0,61.36466215040733,15.256803570894704
0.18,3.0906710932317196,16.902497106097044
98.3,69.42439273995468,15.412210362805721
79.2,75.92467754807937,15.466812642612341
24.6,31.28955330032825,16.235012901748636
29.6,21.106487463465722,15.89173100362457
4.3,15.892508154545173,15.466294241837193
17.0,32.90966901333055,16.51217527136994
56.7,53.28050388411681,16.393369258856573
34.4,26.577981290958412,15.263467994639408
2.6,4.4110712083590435,15.864242556677846
86.0,61.86655763137938,15.27876332734746
71.0,63.153080086275324,15.244773291943037
40.7,70.55970185042821,16.1773451620533
2.8,-0.2667809417268998,15.98533859349865
32.0,24.76703954487619,15.269686925816801
6.4,-1.0950129815404352,16.990983593869085
62.5,69.74546239819293,15.4354738064993
47.0,63.305912840502415,15.789162478713118
47.0,54.93462938819031,15.425780715403551
85.0,65.6229776469989,15.416224856731377
1.45,7.789104413774975,16.030075049980532
28.0,66.67499094117653,15.326992829091205
9.45,3.536980124346808,16.141482201843587
2.25,-0.5583659267703496,17.666393088161843
98.0,108.53135601063116,15.428580555006342
28.6,25.694016085871844,15.621404439904449
23.36,55.32328454221768,15.250902038663337
94.8,72.46911290991252,15.257848899129709
19.2,19.501090344540177,16.434352951792583
2.4,-0.04972436716298034,20.11916247462722
40.9,24.391705672893078,17.01933332792133
96.3,75.03666846504922,16.15310068454299
88.0,64.54328770298375,15.594890548740203
90.0,64.08784050780736,15.324400354595001
53.8,55.53100516233127,15.281508283303863
24.3,17.61915306980882,15.4232324393307
6.4,11.824345339993325,16.112739899930077
8.4,4.255101414688532,17.254756571130567
88.5,84.5253656791655,15.45215941326703
2.4,-1.6125819191580888,19.260895591191197
8.5,16.96181574843027,18.003029648976515
1.8,4.418861670445423,17.866275469129345
1.2,2.188705914158774,17.942865908643387
3.5,5.4822719518768075,16.361199323780628
20.0,39.642012029057994,16.448624507834577
38.0,30.318820380132678,16.16001716119413
17.0,48.82614420465695,15.48727374479925
9.0,16.00520138586518,18.802090879312875
1.63,2.3667847039749006,18.36484646447491
81.0,87.57796125233355,15.887749859559271
7.5,8.7650367138347,15.733113420226145
23.0,47.258936825799275,15.450860260819981
1.88,-3.417520121604653,17.16060195894619
69.7,66.62530848920278,15.328251473207564
2.18,-0.4228344433782141,15.967712754335881
5.22,30.0575697308549,15.933468549827966
36.5,21.908032968555197,15.422753507549796
1.15,-0.45275926267783717,19.824081449919866
119.0,94.5009308594002,15.394046687752503
75.3,72.82781281414006,15.231239442043027
86.0,64.22353194815273,15.255680125957603
2.29,2.183181884055152,15.81559953487498
15.82,17.17930728128265,15.726969921279347
32.1,26.635118274539586,15.26337067822086
16.9,12.699559675139891,15.87979240247503
19.4,24.928627136640017,15.865953967031386
0.55,-1.6584030704838284,18.13757155431227
6.3,12.4809364829898,15.790998782992341
4.14,6.24849836051477,16.62251383025196
79.5,69.25435122411596,15.308116622349932
4.85,3.7322952552321382,18.11079535317492
77.6,64.67563384768624,15.296884104029017
4.98,-0.2040435344396201,16.46037070179467
107.0,109.35415317743227,15.667392625001375
1.9,7.311234126218377,15.943009425729475
19.5,19.501090344540177,16.434352951792583
64.9,60.69200054792337,15.255145744516472
9.4,37.250586005943504,15.792773132217476
3.8,3.8238508834487384,17.551539245985268
46.1,60.87034575183513,15.27487752861761
3.888,1.3355781176974304,21.140807002032822
88.5,62.4648596369144,15.538742610718447
3.5,4.395153418167592,15.703861394968085
82.4,74.05098085882354,16.21271677663535
3.5,10.364986155606573,16.631571250421924
16.8,15.660856013970808,15.69546809757236
91.1,68.82775041585691,15.444374149876666
2.97,4.358641024536311,16.887621792536294
64.0,59.91500549650681,15.286743516018268
2.4,8.923369562715724,16.415686858219143
15.1,13.972484763997045,15.750555804899651
78.5,72.97747846202748,15.324649774208096
2.6,2.698601376234837,16.30768259011096
2.84,7.345709205573339,15.875083661095399
108.0,109.9175174720921,15.516747846932734
18.01,16.734197621618556,15.634456731349673
63.1,63.83419129404974,15.263347887622809
18.0,18.197258547835304,15.667086820532088
88.0,61.97222632488672,15.316824817559832
56.6,71.06963738768144,16.211051768951663
0.069,-1.8266558778582578,19.438678623262437
78.2,65.28575491525605,15.979737299232813
124.0,102.8529785700714,15.374120819623446
78.0,62.92966855895736,15.7569613075008
0.36,2.4821751330349926,20.47676116821782
23.1,23.61924979909934,15.322821852398208
28.5,18.65037967431653,15.603226683179813
18.0,19.528970417449123,15.50089976463773
3.18,5.678829833776035,17.100609107082946
42.4,54.75547740346906,15.36280840505421
60.0,60.37964756516885,15.254590791291081
2.23,2.6099705014132226,17.31426392061739
31.4,19.360679590893383,15.593550401303466
45.2,60.0046253586463,15.274661057366808
27.5,29.28027036319632,16.295805579650214
1.3,7.414081645272326,16.749072931093504
18.1,12.714675150029443,16.43154370835522
4.25,12.241594975691754,17.774833297293895
31.2,21.368461995496297,15.340411755603178
2.95,-8.781024605097755,19.204753018074616
23.5,15.253912668944615,15.36167715523531
85.0,80.02714526867065,16.08973055591467
33.0,73.87645693732328,16.043069816519616
38.0,30.40887540054013,15.85865114078494
37.9,34.06999520103765,15.743068760045846
2.23,1.8203058980367786,15.696943012268292
79.7,69.4993674447,15.328955034638348
1.45,8.414070862507472,20.434229103546816
3.3,2.06067366716222,16.108891098198686
14.0,18.26804140329679,16.214666607583123
7.2,14.64796160990202,15.939372773369033
40.0,25.48853143315104,15.266394445762334
3.56,7.474593048143365,15.919231000974879
3.2,3.1293012804976215,16.718323311392215
0.53,-0.25321525150960866,17.64939251907058
35.9,52.69442645565573,15.278295044686258
3.71,5.355992974054843,16.46540835516169
2.078,-0.8587629723719417,18.327862173903235
3.18,-0.8366733321412809,19.287751301222844
19.5,15.724811014926612,15.618573224987976
13.9,8.802653283004837,16.26753512199762
79.4,69.24850252001923,15.25795306818163
102.4,79.89736263082946,15.591545647602796
60.9,72.95711004827746,15.232154506418013
3.28,6.435410077883525,16.67585999131004
17.2,13.055705620257946,15.68694792594902
0.117,2.0627306541191786,21.10478161939068
2.59,6.353236083957306,15.948300499866308
47.0,62.31047193982722,15.277346532053775
16.0,21.394941160200972,15.676251165121386
2.6,-1.2327492719405768,16.204820336546895
37.4,25.48853143315104,15.266394445762334
3.6,2.7162769327359158,17.93423382552055
5.1,7.876745474152109,15.941625854818927
11.4,4.485880018807951,15.924141319701585
40.0,59.27739712381107,15.494728257809584
0.69,-5.582185375162851,16.04421774590742
89.5,64.20251658416001,15.343155906452836
4.24,6.74236909622093,16.33295475217225
128.8,122.52460193998678,17.856001045901948
1.3,6.465609773610389,15.935328868568984
3.37,18.874836865376395,15.742510675953616
5.5,18.34275625159184,17.613979025401015
3.7444,3.952275021994968,18.62119071871814
6.0,4.427666397567215,16.71721783588449
40.0,57.30696317329809,16.151678407168433
0.34,3.3368825525174834,19.063987951204833
11.1,7.516649125587392,16.969728952476704
66.0,69.60231304737448,16.843226633707545
7.8,14.729486394052309,15.771311512129783
83.0,56.06524768019006,16.218378813668924
130.0,115.44882853125128,15.803273894748079
77.8,57.322918715501146,15.3909575707267
54.8,48.567725696112674,15.273575484775936
75.0,64.86253494293845,15.261829094967075
60.0,94.55974862327149,15.466380005733791
0.064,2.747787703742272,18.42665333642897
8.65,5.7095149106756615,15.667543401578182
18.0,17.84327602138896,15.829096361862316
86.3,69.92644968570701,15.359710170043599
2.7,-0.44007574689791795,15.802880534169176
4.28,-5.074517775877787,18.360201260753474
17.9,12.331858790265496,15.761670411793487
20.0,20.835202798195752,15.805147142980445
1.075,-4.896196638194532,19.145487886999202
1.8,2.3869273396933224,19.390491640138116
1.68,1.160813529995984,16.15678274609269
6.84,6.276554538233103,16.54451292188826
19.2,16.10504388405327,15.8007014317212
2.014,3.1202078473753225,21.428089218951733
17.5,69.14773718237876,15.314897736603566
95.0,24.309985107333112,15.591389972861363
16.7,11.835573381175578,15.687725483438376
0.7,19.362502070647537,15.356971543173056
83.0,62.80457162348602,15.575212028095924
3.38,2.3772244572721206,16.55888041632313
67.5,52.43155926579155,15.354912664059585
9.78,19.69862274512233,16.072329440041987
16.3,20.625264006574263,15.770470507722354
33.0,28.719038804382063,16.005236875774724
8.29,6.032114927673032,15.9392005763558
2.166,2.291293975166454,16.42739207783864
21.5,8.199831003248992,15.395038809575544
18.9,22.12599672531541,16.141519202802005
4.46,12.35060819093551,18.08300534545539
3.407,3.2433793344075674,18.654682263462757
2.64,4.472604525615203,18.12948787817747
26.0,6.222209952329955,15.453666301836767
7.5,7.335455357103243,15.918895762949122
97.0,75.27656422011876,15.468778386186719
24.5,21.745551625938063,15.452734542541007
11.1,8.92753497743512,16.243242602454927
0.4,-4.279663226296307,19.362544387316838
73.0,73.12301633718427,15.329186831615239
31.3,55.67159147392383,15.62657478249955
15.4,14.244944215253213,15.858464931918931
49.1,59.54517202859632,15.436169006677762
2.731,4.56753822732848,18.131119472242432
50.4,59.77777049745532,15.255574903909636
86.1,68.5510198773477,15.42453402835314
86.3,64.17106095569923,15.290752056266548
15.6,15.793143414838287,16.924639085756315
62.0,70.30189780909559,15.32641861264482
84.3,65.97487590047137,15.35068143087716
15.0,56.736267334257086,15.254072289280906
89.5,69.3224145792338,15.340980960379335
123.0,98.56266539824779,15.36192216430137
0.95,4.118394853458092,16.211764562401417
5.6,11.29007875851147,15.832592424313864
36.2,31.34365068096341,15.795097202118109
14.6,34.399558390811976,15.718209802701402
1.65,4.724779194957691,17.695252345003997
86.18,73.75224684731066,15.642955509438128
2.05,33.08372891727725,15.46737462554044
2.7,4.269870229240993,16.631340981250336
69.0,72.28397989013014,15.36891251324304
13.5,17.812104055926945,15.487102775468694
0.05,2.5715092369026777,17.470521204263267
91.7,72.95365020495065,15.260227490302588
67.5,61.05263845696852,15.31814432212874
10.5,15.314597885820273,15.757578855446727
84.8,64.99910114891568,15.289660908600247
78.0,63.643758228936434,15.287352705591697
15.0,16.25072345372305,15.510691297032574
2.52,4.190076432747336,16.461858413214713
19.3,24.184627936151713,15.710748374996873
2.89,2.462354763142386,17.943011306575247
55.3,94.55974862327149,15.466380005733791
99.3,100.94957529025984,15.501709302443752
2.75,11.154177282738985,16.601347011048713
60.0,65.69720530122949,15.372515390299464
5.3,4.536302153782273,16.107100931767857
94.0,61.27445577988541,15.774792032584445
30.0,30.50077284558287,15.361520128904704
15.2,12.096128352290517,15.71946953586674
3.5,4.71686507989833,16.380209413247687
0.09,1.3224678350401646,19.314464997142405
0.2,21.027112628591517,15.975017781984647
102.8,80.78920094305505,15.415304637298803
33.4,31.8228191243362,15.80310353434302
68.0,54.23348236205737,15.411115496982045
13.9,24.018296428308048,15.872635041746314
0.54,6.606231415929937,16.820573770179987
0.903,1.7307740021087028,16.075378824313624
4.4,6.555533621853655,17.018027711632804
39.0,60.359657974726645,15.53644395157906
10.5,-4.330990100373903,17.953088421684733
20.0,20.257175088586905,15.319680317150597
0.06,-0.5319114610952766,18.434724845377172
81.4,74.3983300324022,15.258520815892288
78.2,72.74036539327062,15.429642141195625
10.0,-7.024210810203606,17.923649949925796
4.0,4.841668876286473,16.18108822003906
0.58,5.827921448190867,19.404406716393844
56.0,61.65413026008172,15.258814356924583
6.4,11.311210618997048,16.36860835750018
80.0,72.80784050315434,15.23115467606206
1.7,4.480241047314831,15.758278504612829
82.0,70.1289628405878,16.804962318236207
60.0,73.40243411770362,15.298766824173585
18.0,23.744782716300584,15.321319231290914
33.0,22.390644180178032,15.335762397130324
13.5,13.358422982239034,15.505484364884612
14.9,19.44391228484473,16.021003583314876
78.0,67.1178062838571,15.262065392789006
0.0332,2.6613502239448614,16.74748867485721
33.2,26.47931913243002,15.263235550483481
12.6,15.129825043858084,15.772079424705602
27.9,17.359606625106107,16.24550710680099
28.0,26.338874652971754,15.263605237599442
17.81,10.176421950170937,15.622968449896733
3.21,16.505760896108708,16.954322491825724
3.5,2.9566291201324013,15.757125463125957
50.0,33.64854164209459,15.541365452999916
2.25,4.509055813397531,16.241026910504434
26.9,27.85400141817855,16.084320139342356
0.34,-0.6441017443677666,19.725502655654534
91.4,69.6920254797673,15.302214171489066
0.49,1.5969521761462957,17.598490765390256
36.0,34.06999520103765,15.743068760045846
2.3,2.657030578561713,17.112296745353632
88.0,60.222202301949096,15.273121566324326
4.07,1.2694896807837992,16.26856926722703
44.7,72.90693958141483,15.272959691060828
133.0,124.50285977810012,16.69883905796298
20.0,66.49507047262708,15.436757136633533
6.65,1.7739714379479068,16.6959216166884
73.3,85.84165872139447,15.338668112031407
90.0,61.830050844950904,15.276627213459289
6.5,16.49580240749529,16.146619328969
90.8,68.077727395741,15.371531404297361
85.23,72.81782921267828,15.231195194980936
106.0,93.61312837157665,15.715133231853406
0.46,2.1608753815591584,16.918985124985134
25.1,67.28193208289682,15.335940173706366
83.8,72.95365020495065,15.260227490302588
0.51,2.1608753815591584,16.918985124985134
4.2,1.6376503724587081,17.079754118023065
15.75,23.128578394327178,15.72086914613856
67.4,72.89755045943303,15.231653672467164
3.8,5.114315316776413,16.743339774301262
1.58,2.3274242050663645,19.810707405324166
32.0,18.492908928305383,16.317514503814042
13.0,26.206122318186665,16.093346106190776
16.3,11.444763913492032,15.62382462228276
3.3,1.22815571214052,16.654189279551094
11.8,12.44164517364828,15.92519485354019
12.0,25.152168800404624,15.342987616599297
5.1,2.910474145148431,16.52128407062783
29.2,39.45549658850747,15.44339610597548
0.08,2.3454728180417064,16.118493419982403
23.5,30.365143544418988,15.434609184930807
39.0,69.14773718237876,15.314897736603566
17.6,19.364919060727775,16.13618450773906
89.37,63.26117337037503,15.407905401605296
38.0,49.60070252488355,15.387340768625654
1.278,6.745989074119112,15.963659658860644
86.3,85.92904713027471,15.515122183086124
3.0,3.146439725493309,20.298345648111674
10.6,7.317490396578929,15.889944791622142
0.045,0.9896684157206792,18.82940824864497
22.0,31.023266100963184,15.304206693541335
110.0,112.69263759452824,15.694649502378772
93.5,73.71624927401923,15.80762757808389
0.45,4.7025537455564965,16.81879889580135
37.0,72.26950754324488,15.31565857826122
55.0,56.9481138563107,15.35016766151851
5.6,6.024170668288431,16.250247132736884
1.7,16.387438138993254,17.110387194615974
18.6,23.41667649952074,15.319535837963118
56.2,68.45484126480116,15.436426806774154
28.1,61.27221247603852,15.253970358562826
44.0,73.78331593217801,16.045763748473785
29.3,24.04221912322942,15.274429928747626
6.3,57.34118582283509,15.249720633762385
3.2,1.19633386088546,17.99254602982286
60.0,62.81716341581288,17.16540655128263
12.3,15.395339094009977,16.01253643455329
73.1,72.46911290991252,15.257848899129709
1.49,-1.0930135207284692,17.943166826696338
13.0,15.304418093564902,18.212868972947902
11.4,10.701864533137385,17.682418659754294
1.06,5.831826490676907,17.287804926851983
30.0,27.490109320990747,15.262472068900378
2.8,22.8710046800891,15.286379694467813
0.8,1.0335365972319863,17.40830390672423
35.6,14.531289645077667,15.557549754203636
92.0,65.66171846602526,15.334358846485937
115.0,73.30846172984188,15.640352006890687
87.0,68.5599567693522,15.272773653662336
92.0,64.56147004350667,15.254090658026314
28.5,30.603430955153208,16.283213451754975
65.64,53.2726517940823,15.308272245966672
16.4,17.815919103856018,16.728560975643212
29.2,24.3247457382121,15.272260845177122
21.0,64.2308402712379,15.340369894728024
19.7,30.0158195208982,15.791222104715436
6.8,5.894878834502894,20.962269583211736
6.48,9.817796922549551,17.553776814030336
7.5,10.851044149878785,18.921400884146596
28.0,78.1982185259254,15.424000689245338
2.3,6.838634484675797,16.04851585421065
86.7,74.97219407909037,15.46963347526278
25.0,24.912034475881025,16.135578952902915
90.0,65.61594629324867,15.330180683738838
10.8,5.477435875454628,17.72533745298087
3.4,3.250932416117781,19.24251165751899
26.0,27.143965519325995,15.433128359987348
20.3,10.35536871406638,15.715180107200576
88.0,80.4993756070566,15.490489622863903
3.85,2.7162769327359158,17.93423382552055
13.0,69.1534760663169,15.361723645406435
106.7,101.68781599941818,16.545451591540672
49.0,37.826281598022106,15.597741021417999
18.85,17.50516234872108,15.502013744732533
16.6,23.526734876028037,16.48069776763977
2.36,-0.5609804714146094,16.30516051462681
29.2,24.36093603629918,15.2721414626048
32.5,24.24844404076458,15.276919717840336
8.0,23.305952819709447,15.364220440789653
0.31,0.11846648187517417,19.915174480488744
52.3,70.52936031293169,15.610714399396088
5.66,2.356877083060631,16.58513065581638
5.0,17.234495675562773,17.001579657978063
80.0,71.54521766228369,15.373961817995841
8.0,8.879927478055965,16.81198277185974
18.1,18.844501577582555,15.365332807987542
3.5,5.874703033494434,15.967205617520467
32.0,24.80231423264468,15.95160865120447
1.2,9.860814961066886,31.00175481784242
14.3,7.641525830392741,15.823295099546787
26.0,27.607204784576833,16.718571895257888
94.4,64.56147004350667,15.254090658026314
28.0,21.14937911073708,15.336779103502126
75.0,95.09828797581461,15.613379701210583
3.07,0.4357116615159029,16.490897004402164
0.79,3.209049331952812,16.970601346022097
8.6,2.6235400736733823,17.51729160650158
74.4,78.68316137633296,15.30751589898921
7.6,13.333270638393284,16.22820925227937
37.0,72.40708504647797,15.293250876531035
2.79,-0.7524953627247015,16.248792337689817
2.5,-8.014421072952388,16.139799853879484
1.5,1.065836308962389,18.191416513148685
43.0,59.20980901657527,15.345299984009998
2.5,5.355992974054843,16.46540835516169
30.0,57.736360102449936,15.52375470405099
83.8,70.08159360668807,15.29731575963209
116.0,90.9850799690811,15.825255894162828
92.7,77.32013742934042,15.41922164796212
24.0,27.553056100836642,17.69705084284758
22.5,17.383640776465384,15.292098407469728
54.7,69.36771982423636,15.258331685067517
93.0,66.68902524512987,15.350972891230263
87.0,69.17699419486837,15.257918723094186
8.33,19.83310235838091,15.30221553827495
23.0,18.1958234481177,15.642327641533406
92.2,72.57681037248673,15.23124808369447
55.63,63.67601750781136,15.387108272549396
55.0,63.5521737719089,15.312197454564487
2.65,9.22242072714074,16.67495455787968
87.8,62.08066286382541,15.268044305864368
3.37,3.38180103419009,18.776120752569206
33.5,73.1246706751887,15.23430624266047
50.6,63.849895528156274,15.261416041216668
12.0,18.996540366073077,15.8768900575842
31.0,20.526459649765915,15.32477369769372
15.6,31.776803567994467,15.38934388209491
1.64,3.5492727863778093,20.755017175042376
6.5,9.114074086418672,16.75254642276091
17.3,15.03876098797764,18.020284845023657
79.2,63.39778134368868,15.269895084574868
45.4,23.894017094820153,15.720256756650558
86.0,79.07982004629294,15.314822176589077
81.2,80.08288265891957,15.362113918297187
0.91,1.6330904850987409,17.87375047574111
40.5,34.06999520103765,15.743068760045846
5.13,9.747469965770716,16.30033088980853
95.1,80.53439861602558,16.405914156301044
89.5,72.6351659396916,15.277497663268305
12.0,57.78070148010285,15.278243065110315
2.66,4.69961610371384,15.75965983418827
2.24,-0.718630932181803,15.849419915298878
3.4,5.194861193781755,16.113115592717786
89.5,72.56671457499598,15.231296549316994
12.0,23.459386371953883,15.279588898192284
2.8,3.3487966149326915,15.954362370853753
51.0,54.48294087694056,15.32613229646987
22.0,19.316620752497855,15.81587369272873
0.92,1.6964453929484904,16.021160834458346
91.5,83.66943102566931,16.026327569173866
17.2,19.69280735903592,15.957417524748196
1.25,-1.2878437219068175,16.434808416259592
90.0,72.93310015290626,15.26056199805083
106.7,90.01980464893168,15.372863937407589
9.18,4.713373088979743,18.481703823902333
33.0,20.946563596041454,15.338449806261718
47.0,34.160248705119145,18.314937054815193
64.0,62.78874274913552,15.279497472341154
2.8,9.7782941800128,16.654806923421702
108.9,96.16012262844664,15.440248939383222
53.0,87.22054531296456,15.767924906252707
36.2,24.930889693022884,15.793809270772073
51.6,8.286547567064705,16.955334600130072
5.6,4.227861662424029,17.505220245468337
73.0,69.18891064944819,15.25791442455405
14.1,10.940256792449908,15.937975906324064
7.04,7.851450682433111,16.715586472431298
43.0,70.19294687849504,15.404726431580276
80.0,73.41823751330026,15.35066015070693
19.9,17.653742307165977,15.497804568615033
12.9,27.86516709353853,15.430335821356907
58.5,64.98724653370543,15.305479827059287
9.26,8.648881609381117,17.637623109633182
66.6,64.6174974315187,15.314176576343714
91.0,66.51538673915368,15.408166363378166
67.0,53.76240809239997,15.426412971554544
123.0,103.5104472750102,15.40047293348939
20.0,19.501090344540177,16.434352951792583
16.0,23.493358078163936,16.1383518501013
75.0,59.867982456734595,15.252600560359534
29.0,49.500016695403204,15.35207008097624
10.3,17.103671819075146,15.675269390532321
99.0,69.58854555894803,15.51820342896693
7.9,5.664523823289741,18.291294058655996
1.85,3.7737221601553443,16.748833764434206
8.8,3.4283927617234475,18.54984188365763
90.5,78.26197224286663,15.291214141596607
62.0,72.85773243217557,15.231394565834211
7.0,4.205094654333642,17.378027848522407
23.3,17.620963575032707,15.422988200564504
4.02,5.906524114172889,16.188363791710824
0.93,12.49561316887679,15.867425677631827
4.1,8.740569900533796,17.2358580874902
11.2,11.00222733133107,16.074102711105
37.8,29.589741847771695,16.136568181936497
15.2,12.923999322105853,15.71156831126796
28.0,59.85647354604464,15.630686378511916
134.0,106.562817396698,15.426678678502453
27.0,8.495516364080139,15.43196408439898
1.02,10.796923255467128,16.872126514804297
4.3,1.1450585245355498,17.038222052800606
29.8,21.942322957569345,16.072247547567876
21.0,28.241241723176064,16.152905245018857
21.5,26.63146926381772,15.52102371279826
95.0,76.4795706602186,15.271510211908621
0.185,3.000950450126453,19.228792593225354
45.0,39.52436920746402,15.786382216716586
23.6,19.865320850846842,15.9353883776715
1.6,5.918773106284313,19.29749580576143
51.0,72.39633831575145,15.43745991612288
67.1,60.74755088884679,15.254773809812555
48.0,63.15790115950813,15.244746830092193
8.27,0.00593396602505436,16.152532401807377
46.0,68.0405814480325,17.217857871335614
12.33,15.56681099692495,15.786532124979827
17.5,17.548836049460697,15.649726984935453
7.22,6.680975320434133,17.95108644102977
5.16,5.741665907021325,17.69468038353078
11.9,17.57101445806126,17.8886225716259
8.5,7.6570654361472705,17.11207516810291
4.6,9.117106520953655,17.182612090908254
50.0,100.75823261543667,17.423244618991905
14.8,15.797495452245908,15.698092427022528
26.3,57.13896293840409,15.436614841756784
1.6,7.524808362338824,17.01688943449345
59.0,61.881411496153575,15.34723292112068
85.0,71.71814578500917,15.871008287814135
30.5,26.92053402318256,15.262957831104758
8.0,16.624357490204662,15.289550114533403
11.3,10.701864533137385,17.682418659754294
38.5,34.310848609638086,16.906329029986008
92.0,69.18891064944819,15.25791442455405
2.9,3.2460272411388615,16.17861466205234
17.832,12.331858790265496,15.761670411793487
1.05,8.773063384816826,16.737103824284304
23.6,20.43078045505641,15.94503443161198
90.9,72.72775330237003,15.230964561489156
0.75,1.2745634055927582,16.80184309781302
54.0,25.38688939966365,15.50129294339686
57.85,72.97691679591358,15.232351398944013
3.54,20.725707621459115,16.33469801426332
2.29,8.262906404905337,17.212041289222935
6.0,-0.010199705875592713,17.900284474967624
91.1,71.88385971410116,15.768548903060095
4.14,5.031109601083852,17.62076753004363
32.0,30.061876111538318,17.020072466635323
0.38,1.9683212646266597,15.869818715030188
26.5,21.905335970069302,15.281629666971517
7.1,6.633952740754754,17.222935273963653
5.4,1.0185624980302421,16.08225881086043
74.0,67.7498687972213,16.758159831995414
3.71,-1.1557232062112917,16.518218058260167
25.0,15.400486574777396,15.693969167178572
7.52,14.300712249487663,15.776295493747403
45.0,106.40923717789175,16.408071569804772
81.0,73.21255823117559,15.610730031762069
1.84,5.468551056054057,15.769212582036014
35.9,37.62329545505493,18.000154033637035
16.5,52.460945728635785,15.633189098671547
43.25,30.803730399510773,15.485673624132879
3.29,6.07382961522136,17.739554343254195
0.44,1.6759091205723635,21.245887378324458
0.165,1.2279220756954174,17.783083379149396
1.2,6.644598496600473,15.736925321044748
93.83,77.92236951424303,15.420838527372831
92.0,75.37442184374407,15.469173399950183
10.0,19.70701893754507,15.372562946088323
22.0,20.257175088586905,15.319680317150597
32.6,18.522903456619666,15.348215719880441
31.9,20.497586813250688,15.324159170842803
4.5,25.792127388689345,15.380656556804503
1.19,1.5314787654928637,16.020387935877917
31.6,25.48853143315104,15.266394445762334
7.5,7.236172665746199,15.992170172380206
51.0,77.81185578773935,15.398215326992764
17.2,14.422386369418046,17.655420424840347
109.0,91.88250601286376,15.520856757756672
9.8,32.24556435016215,15.456896381484599
85.0,60.348213141477224,15.249608258345628
25.5,26.082205115166147,15.508916487907229
74.0,60.1456097618001,15.267791199400593
76.5,82.31946561008141,15.313771359843306
9.53,22.524929125202668,15.698835371761675
95.0,95.72460244356601,15.633297531102144
39.0,26.63146926381772,15.52102371279826
36.7,50.152224906333906,15.375987643274215
1.2,28.05516869261078,15.925860301663766
79.0,70.81276059763915,15.532541056487712
19.0,19.224810370129752,15.485195788350405
11.0,8.951255157563988,17.27213728229334
5.65,5.638724879222266,16.675073649824874
17.7,23.168228666748554,15.31747199954046
89.1,72.15963869519382,15.384848343463856
91.5,94.54790466274036,16.668018437668163
13.8,24.49800788611141,15.88518627283091
20.3,17.068154090923965,15.498686147290645
5.21,5.3752411111735015,18.127834082402842
35.0,46.86153434713294,16.469434061132848
4.61,14.33151540008648,16.639254331928086
17.5,19.259516169498127,15.272311994687287
10.0,11.796068802622067,15.733618699510014
0.703,1.6356404468024905,15.825019004276953
0.84,-1.9800295914363915,17.67674103989055
23.0,27.280840448370157,15.26258126643158
15.0,15.35157893642771,15.4710733182759
3.99,10.89210419475441,15.717192541128721
36.0,26.126848642416142,15.92537994855254
2.855,6.574984179600456,18.05215369648146
71.0,59.724924241397005,15.312957008186725
16.7,51.59550865404971,15.764594804350827
4.2,13.253954115081939,16.7680593828744
36.6,54.52701357445929,15.264894808936047
70.0,72.87765231340273,15.231516647095376
8.8,20.943906368878302,15.89425024099475
40.0,23.84821781582774,15.935725206886078
106.9,82.78900059988382,15.502946205512623
15.9,12.096128352290517,15.71946953586674
0.048,2.5639984457307143,16.89403949501724
25.0,23.502016227293694,15.36829686077424
6.64,9.522391165959817,16.12280382717192
33.5,32.37129744784475,15.542321822026688
51.8,51.52383030309521,15.505026188902486
22.5,73.16381844002387,15.234970216339674
11.2,7.1085919372764685,17.097906584109463
5.93,22.414430699277972,15.978653440376755
6.0,4.435376383010933,20.680969285826688
2.6,11.254955564430041,17.080561685654374
89.75,69.07857637451878,15.261616061633939
1.6,17.81184135107265,16.39243567534347
22.0,69.87609609879257,15.450832060468422
67.8,71.5909970382281,15.538817576321982
4.67,1.782123811727331,17.54338386770142
0.54,5.939030560131709,17.295124816621104
97.0,96.83647910893612,15.405377725380717
69.5,63.73375666262626,15.302672395986836
0.095,4.357621167331807,16.718824687173814
9.65,2.5223681209404063,16.99634845447183
17.0,17.389997570021343,15.336469373201565
12.66,8.827107090230612,15.490226064594369
4.0,3.428983105811014,15.872414862634649
4.2,30.460469617799653,15.309203932121813
14.0,58.45882750411286,15.305660686315498
70.0,67.79870615062373,15.292585422397362
116.3,102.68036558776382,16.143029298655552
68.0,72.91742642845358,15.231805651511252
6.73,7.543088284524579,16.625354722089778
1.1,-9.732049597798742,18.388800090443212
12.5,19.317383794979616,15.27054830140326
5.74,3.782737694457964,18.376532891631136
29.6,18.508378638987857,15.375110947768123
22.5,45.47231247814546,16.145275383658483
90.0,66.93357368757523,15.321207190548757
102.0,92.5630846434364,15.8698710239344
86.7,72.57681037248673,15.23124808369447
4.7,4.832275701356242,16.498016164530792
84.3,75.24597409467799,15.58550782680156
3.75,3.5852368819375044,16.63217359720032
93.1,72.57681037248673,15.23124808369447
71.0,63.28018348973583,15.332476810552789
90.5,62.95822719102749,15.26622212926942
89.2,61.587332527601944,15.258746783623943
40.0,51.44436893793869,15.451971711526426
92.1,78.34317109032375,15.423038184643381
47.6,53.945226040280104,15.290883953465235
11.7,5.747442123404451,15.952581144447755
3.11,2.6074231173043074,15.840615224669301
6.0,3.8688895770219176,16.06954156636741
10.9,7.324855345869999,15.958173386813154
23.0,60.09667611265044,15.254545731587575
17.0,16.982194841912655,17.315290536098843
4.19,1.6712641374916473,16.734536827174864
114.0,97.99542401795213,15.504492946886328
55.1,50.47754960695284,15.37764004801874
2.31,17.194662740752694,15.65848877274262
66.0,86.89948935618685,15.330605218801347
111.5,94.97558590860012,15.428701788814267
1.4,1.6802920262848389,17.563956306159056
45.8,59.20363475702884,15.297372416740224
6.3,11.794129180974291,17.378847155375848
3.0,8.940697356479909,16.68738168613968
61.9,62.90213559890765,15.305334146704778
41.0,64.69355913200688,15.292915021182663
2.08,2.8943833788124635,17.994253673362223
93.0,72.57681037248673,15.23124808369447
108.0,93.47160541855447,15.77555837114404
93.2,79.75055402364212,15.52698252308686
34.44,26.92053402318256,15.262957831104758
3.3,4.837428049960689,17.03985342219051
4.0,55.36512266610781,15.25200441725401
4.19,-5.9820623672325794,19.28062918250451
3.8,10.338132471917103,16.962756277679404
47.3,73.1246706751887,15.23430624266047
19.3,16.623303543051343,15.758419407245535
52.0,59.939015230011165,15.441274335381587
92.0,72.47568527035322,15.231898273999777
49.0,59.34049597059885,15.495112664462223
2.5,10.277387488143908,17.6591099548302
3.7,2.5349778449763427,17.98318165267949
68.0,47.948455205522706,15.420219357554108
5.0,4.44284084769836,17.986547753414726
7.1,13.315485808483825,15.664689560993267
33.15,24.01625185073012,15.441113498186962
38.0,24.180561914652152,15.49066793652326
119.0,106.16764801883215,16.220858024478638
0.0195,2.58345318454629,16.860950097273825
22.1,27.490109320990747,15.262472068900378
39.1,34.06999520103765,15.743068760045846
5.44,6.504639856267957,15.98591956523942
1.22,-0.3268536300313869,16.037157413577862
1.49,0.7062001764778074,16.47163924702007
2.51,5.00340373899234,16.03955573324492
63.0,74.44033320647904,15.385121520667582
88.0,70.41251872671091,15.390561279738742
34.4,24.535183163601886,15.271029182205421
1.3,7.912180539002481,17.10509256958858
75.0,54.06674426762882,15.307061924948913
2.945,6.310388243189561,17.934396815019447
69.1,53.714204260107465,15.347272467849338
2.62,5.370295777272101,16.547722409970856
46.0,66.42894077447934,15.319647815807249
78.0,82.9233397696944,15.73521257776638
17.0,18.532180706186125,16.362751101576606
7.73,23.023366166382303,15.883280140663395
1.653,-0.20035679329232892,15.700952125457139
63.0,59.922102806909905,15.28732235354285
72.7,63.26574167757509,15.502672012041465
5.8,-6.763337240930156,19.549433688158082
29.35,22.392666259937307,15.58065114791668
2.27,-0.718630932181803,15.849419915298878
3.0,2.439802499880983,15.82576694479668
65.3,63.556197875342704,15.415108817569738
72.0,57.40462790241621,15.509267343720229
55.0,66.85094553835835,15.32984527112236
10.2,4.368131562242603,16.999322430861298
1.723,3.5390892635604168,22.43972734705279
4.36,7.886960398125048,17.59443514448214
55.0,68.04182426869755,15.306067918686756
60.0,79.88530522980258,15.316464541124775
110.0,69.5516693950035,15.860285947890004
47.8,56.56950274952679,15.603185127004657
10.6,14.126764720628685,15.70416853752922
8.8,7.838530996239044,16.831875308406186
4.8,19.147484257251698,20.325516671940488
33.8,72.78548564787165,15.39721983251264
32.0,56.625074435379204,15.249301540297784
18.4,0.04841411718739863,16.403426941306552
1.4,-7.119993174261808,16.497669179187493
6.72,1.5980916807886132,16.791389706277812
85.0,65.25204881305953,15.264740890724761
24.0,30.38015415808635,15.377793093916472
3.95,10.620075716880777,16.485694413477972
5.94,6.1160826106561785,16.06786917107442
22.8,13.241277778838345,15.676973456557524
27.89,57.38106427290754,15.738745301251594
4.7,6.7152875108597385,16.797567947273485
75.8,66.06975316371985,15.30934543506803
23.6,53.999559464824344,15.602215037132199
13.5,26.133858417680436,17.080915133559472
1.93,3.3461944038948346,16.0663891335643
11.9,7.620316542179854,22.10823349491528
3.0,1.890975779260529,16.093845212325146
30.0,31.023266100963184,15.304206693541335
81.0,65.10359638995598,15.41466414681881
91.8,76.53330387198605,15.271306270918153
12.0,36.2435642501165,15.57158162254812
37.8,48.14830194880757,15.367184657566334
32.0,29.454796259511095,15.438776516502601
2.67,4.02061341282262,16.62999167950166
3.0,5.658532957441082,15.75477305205297
2.67,4.3411791847385,15.811179881145994
3.8,1.5518050455420962,16.434071602887517
51.7,47.874418321086914,15.275280945388012
72.0,120.38913798815037,15.983469490607545
2.3,-1.6125819191580888,19.260895591191197
70.0,58.5984624167771,15.27635402804935
3.93,4.7729456846767455,15.955677682154962
120.0,103.5104472750102,15.40047293348939
81.0,62.40398005435409,15.262164827310775
7.09,6.16959693459679,16.01541475671806
4.0,5.615428411645549,16.730512474989983
9.5,8.986671212527465,15.68952173417856
10.0,65.98623622417988,15.269280857358476
81.4,74.36214215338333,15.258529642331427
44.0,23.370565192854986,15.691488225580747
14.0,60.578369173336114,15.527059780203961
2.52,4.968545286270583,15.965728859676224
1.81,1.6029280323591735,16.296990575949852
76.0,61.997544646543574,15.24715012916847
123.0,108.87259489655855,15.428167871927654
35.0,37.632445408964124,15.414784170514261
8.94,31.44799954758042,15.459811497341144
2.53,3.6913923253697547,15.915107878122393
1.13,0.17964971074547265,16.178288952844863
26.0,29.293406777070953,16.091996240297753
17.9,32.431714021473866,15.29566595765484
24.0,92.38483499806475,15.41843555722548
107.5,73.54999642294311,15.649802244578208
93.0,50.380010448929575,15.56969588104994
92.4,78.46323158091846,15.339003351510032
32.0,18.89431674234531,15.346202793024805
32.0,15.218688175042498,16.544772673060454
42.0,63.74504512271966,15.387320568491194
18.3,56.87211355921821,15.322627761824792
2.68,4.893643846101593,16.99999823844405
60.0,53.074378612272675,15.54959225556815
7.87,14.11752908215863,16.277624758124524
35.2,55.53100516233127,15.281508283303863
35.0,56.60413020960046,15.248991815491834
3.342,7.775988397526788,15.678018350782908
59.0,54.11644024159674,15.331327980845353
2.0,12.19553110209139,31.1438985220204
93.9,65.64317656116455,15.322029518621466
24.1,20.234704816140624,15.364142105856606
103.0,106.5849839762135,15.420501444379342
15.8,57.77498502256122,15.347669517563544
2.89,7.362703379070318,15.960194264494296
15.0,26.159296276499816,16.71479526242369
74.0,68.51723379656752,15.35138150887526
0.7,-1.935222070288738,16.196583314810706
91.33,72.57681037248673,15.23124808369447
27.6,19.244029141400247,15.498151077957976
103.5,84.17880290698427,15.857358477854321
4.25,1.4050775873268648,16.587978772159488
100.0,97.06173766996505,16.58681412237648
3.04,0.08774020314128705,16.778546675051125
17.0,47.50495753891331,24.697801295261005
31.0,24.76703954487619,15.269686925816801
98.5,60.92682206938307,16.024076518383314
78.5,77.65592944854171,15.306005715116623
3.79,5.396216275218091,15.738759428575442
18.9,20.689514001740555,15.723212735653126
15.0,9.385953786025318,15.920233218798366
4.61,18.432320619546662,16.21174983784415
45.4,73.1246706751887,15.23430624266047
17.7,17.6318194343843,15.509753883546674
3.85,-1.5762276588691435,18.149751088702146
94.0,63.714662634668755,15.354592829469578
22.1,31.55446901412326,15.600936342582049
7.0,5.925180054844386,18.362922536084778
4.365,-12.340148855679004,17.00481904751178
5.75,6.167586665480602,16.416091693986232
31.0,29.736905289617038,16.558394077500015
6.3,9.088930432575808,20.565169284701135
65.0,60.15305834308974,15.273610180541045
2.71,21.26086441015704,16.33901999576858
4.3,-3.4707354848430256,16.494308931681914
84.0,74.20200361999818,15.238956516018591
108.0,96.32300417442494,15.426394752960006
90.0,73.88810729837209,15.28356456732163
6.95,8.16503492949418,16.06529706100196
7.82,6.453430441097666,16.205396412874848
31.8,67.24206017038301,15.30484041738689
17.5,18.10293829729053,16.217992213207907
32.0,26.653549260627845,15.521295281888925
90.6,65.1357651572086,15.309407273523375
7.7,6.229869186101283,15.904620980094247
81.7,75.67474163924122,15.407294200505287
93.5,72.62723006488503,15.231061091327083
0.0154,1.6478335706506826,18.52833083213555
65.9,63.49270135966691,15.28729272170414
117.0,101.88835769818584,16.093122488746715
8.0,12.09474581384104,19.01804739780404
29.4,18.91862478173413,15.597905807893227
40.9,49.4973531629899,15.34736001665844
0.8,2.1608753815591584,16.918985124985134
18.2,32.86301328022027,17.3809893112718
4.15,5.4453065772153195,17.978002109051246
9.8,4.3084804389428975,16.690804304121674
7.52,4.247210862725936,17.338115122451768
26.4,13.71464053809725,17.65161388860369
93.8,72.37253626639013,15.258406888976815
5.0,10.380430247543682,16.062713112160054
1.41,5.600922302475148,16.394397055748126
15.4,12.247689874181866,15.698264437725816
89.4,72.61715419432441,15.231091104991043
8.4,3.863086828574268,16.180423531017045
30.0,30.71951177965369,15.459335868488493
91.0,78.35841680247364,15.290822832200435
78.5,54.15792945528078,16.781919342003526
30.0,58.54967983784694,15.40546752100374
83.65,72.82781281414006,15.231239442043027
84.0,65.68373452428081,15.529587497717744
8.4,9.664908655041998,17.640567813206374
91.0,70.49574595630426,15.293642258036568
96.0,82.42469758475201,15.35085506236521
70.0,62.658100261437454,15.245517788119633
3.3,2.0346747904345577,16.39858231052531
61.34,73.05589931599184,15.233288907110428
100.0,118.86565542334876,16.928590126789093
10.5,12.1433013321859,15.88965966229369
6.0,-2.492517136960224,17.90946065178405
20.3,10.718426008888084,15.492928225097138
49.3,69.5306628460763,15.447220335769858
6.2,-2.076099140093511,17.49788400375792
12.0,13.264002589337576,16.092856494155516
30.0,21.10347848455016,15.316948005118466
86.0,63.96605562496819,15.337303181994189
60.4,64.0367794764642,15.281226159810588
23.0,19.579521832110196,15.42308851453476
6.82,3.8859728993070313,17.36181569756474
91.9,75.61748646041701,15.320782151228288
82.3,90.98243024425685,15.542074234321301
0.25,-0.21235298773567735,16.985641990585883
0.21,3.2308143552964737,16.755086797435204
17.84,18.810971822799363,16.359307157010488
4.2,8.148810543857344,16.07881390627862
42.0,61.85149913132966,15.364761329765594
35.5,22.127601337100387,15.335076886335864
1.996,9.202211439937678,16.892348134616448
23.0,16.01450741517715,16.055222962831785
1.42,2.4311245190184465,16.042718572925
31.0,31.8228191243362,15.80310353434302
1.3,3.608782428767899,17.637794228194206
60.0,62.78049306494184,15.348439251058053
80.0,63.7353185289421,15.296087074776333
12.4,6.477631060163613,17.388197404641765
20.0,31.85356734673851,17.184456046254144
2.8,6.662791502379978,17.82184195617067
10.0,29.754818594150404,15.264120275485329
7.9,5.247943199395358,16.596874164413954
71.0,50.7340080431008,15.571783335288993
64.05,88.51348569325313,15.694650204564141
61.0,36.91925885181275,15.447941680071011
10.0,59.34049597059885,15.495112664462223
32.17,23.7773649031836,15.325821523512802
0.32,4.529881889760684,17.022285469021327
5.2,2.3543372046896494,18.622297990140627
79.5,66.46275698131733,15.562920144829894
6.0,2.6338239558103282,16.66505552097717
4.0,55.38917690722177,15.253064671226165
1.8,3.752086297370358,16.11240386249942
84.0,63.73133568665218,15.265815345393808
5.5,7.42918412353788,16.496862731288548
26.8,32.19177698547113,15.83623514734631
89.5,72.59699025385179,15.231162213520388
24.2,31.868060416479572,15.29849884617934
31.4,25.48853143315104,15.266394445762334
43.0,26.720516375886746,15.523168697474746
4.5,10.400240493959743,15.863054723428219
7.6,22.057102270418223,15.315670350768132
3.01,6.048525584883102,16.822819725630314
14.1,15.10633404109971,15.707432148209046
36.8,25.48853143315104,15.266394445762334
39.0,61.8407831355907,15.376743948161003
106.6,104.9741776035251,17.999589682255404
0.56,1.8641664165094056,17.69885303119019
7.5,44.544725258951495,15.915884598965208
5.7,5.108866839162506,18.46152154447737
17.04,13.916098830979447,15.933966944534465
0.98,-0.04972436716298034,20.11916247462722
11.4,12.005866742276574,15.799793383968137
0.4,-0.46206821713684576,17.800175439544464
7.8,7.010887286691823,17.21570718078253
26.2,26.617975888952667,16.54002219786148
16.4,11.202304717523393,15.904214275818312
8.5,10.362135102984883,15.958202710049813
0.75,14.02134180106614,15.645112011584702
4.75,4.08374907097674,16.63323231611928
21.0,21.918946933592853,15.822420350641982
20.1,25.953682024629472,15.45295905183287
10.3,4.265891429337646,16.42919263433934
76.2,65.95745034734435,15.35112509821386
24.0,62.85535876623286,15.804572989148854
0.45,3.5375814141337436,18.09585226494239
92.0,72.1361156850472,15.237030201365545
15.75,12.168164636040771,15.807322333907562
0.616,4.461174593456615,15.867219731489858
71.0,68.87943188384182,15.309818499503518
0.075,-0.724223512601867,18.6398822676346
78.0,70.15885419800262,15.26433869733484
2.34,14.087609401306626,15.60408413310424
89.3,70.22399988168392,15.859208602598413
36.5,56.05479156547476,15.250027504599704
11.0,4.1725230278094685,16.542904902002594
19.4,12.553358904387917,15.83362945561604
2.9,-0.12179915311762102,16.647744667444638
2.34,4.165207434791878,15.910869277843021
21.0,88.75831352905972,15.3944340453789
0.66,2.904507875075076,16.300050757107034
22.5,20.00290901044762,15.597125097872503
8.4,5.485863908608266,17.4461198926547
4.68,10.81112446038787,17.71679227306157
1.57,8.908740222478858,18.580375917202158
1.35,2.3085567134608667,16.717416065507958
64.0,50.301397225391185,16.15665098190949
15.0,21.399686309406796,15.452903175308306
18.3,13.258123546378659,15.861883412776207
16.9,25.236659473927418,15.356810372756671
30.1,20.368827669536238,15.32160982226198
4.53,4.933586623848299,17.032879371453998
11.4,24.03482274188479,15.47862683937598
2.8,1.6386746792422429,16.406508978153976
45.0,46.06049805076314,15.424612903015806
2.82,3.723409514472145,15.813318632059573
96.0,74.6138851246507,15.866195242103007
13.7,10.451556383984158,18.34977451803986
18.0,18.803011457081332,15.337825399299168
3.75,10.620075716880777,16.485694413477972
0.55,-1.0576037092131614,17.42199502179616
80.0,61.30227909144596,15.257129022034363
1.061,5.586401542051803,17.408458081351945
61.5,30.501305940435945,15.90044013253379
44.0,25.48853143315104,15.266394445762334
70.0,62.034461598081236,15.276088582695508
0.37,2.2861218818787776,16.95546836670704
36.0,99.23883965389766,16.190726597603614
2.1,2.904446248672592,16.341876749493423
12.8,11.884642023279973,16.568315217863326
31.0,30.630330976990457,17.352716328610775
25.0,57.6984429116488,15.28259833271703
2.11,1.7214816365956551,19.418305155368078
67.0,72.92735595739441,15.231887251515214
3.1,8.556467162830298,16.42688989872186
0.24,5.624375141427983,21.594741219429288
103.1,93.61312837157665,15.715133231853406
0.29,1.5395728602430836,19.479296237202032
5.5,3.0490042855054433,16.367169937551733
84.0,64.82780982939282,15.307436976821228
6.9,12.042478865244842,15.859206450102514
77.7,94.10232326237625,15.561726274075982
61.5,67.67070750816988,15.311304028781562
0.128,6.963617359130055,21.23489496629751
126.9,101.13003060241076,16.359506088421693
24.3,57.0651273141675,15.288931897936354
36.0,21.908032968555197,15.422753507549796
41.5,58.42169301102007,15.295146488714444
31.1,22.510123091841123,15.333810328923237
4.465,2.8563507773199746,17.678491643693274
2.5,7.639140913594112,16.480986096585635
10.2,8.241859163548682,16.179483461471573
30.0,26.723401818789863,16.203041706329977
31.7,28.02304652941799,15.551156860539935
38.9,25.48853143315104,15.266394445762334
4.45,2.510596671410358,16.633847935475643
3.12,4.610428979529164,15.725484307295376
3.75,4.328667556453581,17.73730863344222
20.0,23.509422049105474,16.020379250136216
8.0,31.023266100963184,15.304206693541335
1.63,1.160813529995984,16.15678274609269
7.79,5.766362762144503,17.20470647970727
1.32,7.664893106401557,17.91519897176035
2.4,6.990579811832127,16.049709540431135
77.0,61.56315613895032,15.388119525998826
17.8,12.86187658015961,15.841183298076961
0.2,10.04382307450598,17.947256161488163
56.9,60.09118917025935,15.254583396992514
91.1,77.32013742934042,15.41922164796212
11.0,67.09894049671217,15.446098665606451
97.0,75.55919013338965,15.470831858406816
108.5,99.60794984588162,15.91925993180036
2.305,5.0991426805679865,17.49383952299992
71.6,70.47756281621668,16.076753629875164
23.7,21.80602226704154,15.32473274362015
6.1,7.677243733515525,15.858594592429936
10.5,8.376407636261298,15.710681662254121
19.7,27.54067668699078,15.36836772950912
57.45,58.85390813738696,15.251775956119468
42.9,61.20158614874956,15.256168663914817
47.0,72.19957836674075,15.297963036883482
0.264,-0.4468359272361866,18.41975104607678
64.0,60.99437627460776,15.251286994184953
32.6,26.92053402318256,15.262957831104758
30.5,31.8228191243362,15.80310353434302
34.0,26.663896330811625,15.521482993322623
0.741,3.1453238500657505,16.39441518515385
9.226,6.964037177885817,18.239445008337533
28.1,23.620451201865308,16.05684244734926
15.55,20.598261271256398,15.702849525676116
32.5,22.782820735540852,15.874230617892328
77.5,76.22238577317559,15.411327292803454
91.8,77.32013742934042,15.41922164796212
0.42,2.571232211881032,17.933412256961333
60.6,61.24024730333616,15.55354327489247
25.3,21.427859499637307,15.450687350528888
51.5,64.99953313447753,15.30540398615815
13.0,19.501090344540177,16.434352951792583
51.0,40.269383747503625,15.410883384603249
76.5,78.67351969095174,15.306155277873668
30.0,22.921478266905865,15.287895172148845
12.0,55.33464861843651,15.251114758166207
1.3,1.0893206391443542,17.589482693005817
11.0,8.515471176529655,16.964282726449454
5.6,8.938472630955506,17.620816980566776
1.6,10.237072859298145,15.715924035791522
82.0,59.013089429927454,15.279874507794206
88.0,67.58159242187207,15.272964878138257
86.0,61.050850128598654,15.318550780475672
33.0,22.094466117894996,15.332041072843843
2.1,2.009626890852978,16.121922933314803
34.2,22.326041087770893,15.663174000613715
2.49,7.220642266129293,16.05515882667528
2.3,7.134668287147431,16.894014296659076
79.6,59.867982456734595,15.252600560359534
23.0,29.307742574689996,15.85112810877765
30.6,23.64517095846929,15.323284875242022
17.3,17.892111821801482,16.82006356545935
4.3,6.885330000234816,20.913413986371626
8.61,5.393762932506089,15.833275620796455
80.0,77.71729516582693,15.306190180463954
53.0,31.22345487088539,15.444809192071789
40.0,42.107474625907756,15.623174515848792
89.0,74.44033320647904,15.385121520667582
125.0,111.39128386447476,15.48088263036237
4.0,3.726354907729622,16.56840671794357
0.43,4.461174593456615,15.867219731489858
38.2,33.918935004900796,15.726135381019155
54.6,36.2435642501165,15.57158162254812
59.0,64.49597530094938,15.247335472434557
1.2,-0.2059732925635771,15.703663539815949
0.4,0.49199076086987503,17.811378285507434
17.1,19.501090344540177,16.434352951792583
122.5,103.5104472750102,15.40047293348939
6.26,5.91754977218195,16.658685758440743
77.3,74.40405059159222,15.67658666134061
23.0,76.35070826955806,15.3624742281427
71.0,66.18558704889297,15.31168808325501
3.12,3.6181508350442755,16.747144827941945
16.3,17.298941163406223,17.250283459908506
21.8,22.216772370785776,15.742447783930183
5.8,2.4538850304749715,16.515077855459747
108.0,93.61312837157665,15.715133231853406
3.22,-0.8366733321412809,19.287751301222844
5.04,4.717546394559083,17.219125189581383
89.4,69.43589184925767,15.458102989144516
1.49,3.317584777820091,17.8316622453134
5.1,0.2756462384710332,16.32917772539428
85.1,107.52388836456325,15.681994842391326
5.86,10.15317404338802,16.279891673637337
58.7,59.867982456734595,15.252600560359534
20.0,58.15187185122991,15.364450356716949
32.0,27.215361605529782,15.445813005501755
93.2,65.34826202544564,15.784880432761
7.0,0.39591445907265665,16.515782625760295
73.0,67.16323450553477,15.282616344620417
66.2,56.91630315914465,15.277421539632662
1.36,4.830256251417104,16.317656710842268
32.0,38.58374962260169,15.576577592813626
35.0,66.21598571898174,15.97172591363744
6.4,5.7846515986270255,15.990094228186587
37.3,31.34365068096341,15.795097202118109
1.72,3.223243093619015,18.99158975087595
92.0,47.763461004867075,16.67395713963297
4.0,1.081838113738371,16.01012436300696
19.9,14.703754693904951,15.520081418368243
1.2,-8.585147717681501,19.335592903593533
66.5,59.55097550169191,15.263489811183106
87.0,84.62689414161092,15.318638709595135
11.8,12.887120607575834,16.656231358874756
1.128,6.759464282145885,29.66497426138412
43.6,59.355290202073064,15.907239147174556
3.3,2.041462168391888,18.56111755367067
10.0,67.74326875674556,15.463928320360461
9.9,16.005341540338506,16.171618149581683
45.0,57.99055715831625,15.794704612920137
30.0,25.259384352536216,16.76963584715148
0.066,23.340252116532344,36.105124416807264
9.079,6.959895977050071,18.00481679800351
63.1,62.71508508219851,15.41985676816038
73.2,72.77784425964852,15.231055473826105
19.1,54.88494487535955,15.28128914862228
5.8,7.860780107653646,18.016414809921304
38.1,34.06999520103765,15.743068760045846
16.0,9.647407052276762,16.106430638423483
2.5,4.324608226789486,16.85401168876927
17.8,17.64703002761909,15.49941477342587
0.14,-1.8836219515035637,17.16994576027871
77.3,60.99587804193665,15.25219290303165
44.0,28.31145819111353,16.042144788055616
2.41,2.9529538804870192,17.99974251650821
2.6,9.88186525902925,15.656799500299337
58.0,66.78697954811119,15.411550054696367
6.0,32.24556435016215,15.456896381484599
10.8,7.388796587516879,15.920048982328145
84.0,72.46535505006912,15.429418938390327
32.0,22.50502782254558,15.62007458889435
0.84,2.641186049291008,20.54826108498756
22.7,17.071746276525523,16.235424894830473
5.8,5.655942662790174,17.235881241413377
8.91,9.01571178355222,23.203435667648222
76.0,53.54337228949693,15.70378964941922
17.0,48.61901996157316,15.340475678418642
8.15,14.605144728084436,15.779796955083334
35.6,20.16719692968845,15.527368485661745
40.0,48.16877345845866,15.445133796366544
1.2,1.0157200596666627,17.873701545018616
45.5,52.70732266684094,16.408814496050105
82.0,67.03348044649326,15.269870565972957
26.2,28.032742535001503,15.434699710680988
76.0,63.81509016602473,15.415583371092552
6.4,21.0837810464643,15.319704619178259
22.0,64.2542600443216,15.412188868992427
7.3,8.59834167985515,15.5382788216567
2.9,7.939469385415787,16.093415805602195
10.9,6.685861327049093,16.142132842011893
13.7,20.15710608898599,15.318201026191435
29.9,29.78614641166631,17.67902457183767
37.0,59.6764019331207,15.327089863179715
86.0,73.06107817537479,15.464506411278562
4.35,0.3399747063721108,16.45701015630059
1.84,-0.20097457177030975,15.95464516284033
62.3,72.6779030181589,15.681789870273455
79.9,80.31425141483228,15.316685361580772
3.19,4.558061263716759,18.706241385123697
15.0,58.04049483456153,15.3091504014396
11.5,5.747442123404451,15.952581144447755
80.0,60.50361439574446,15.355691238850332
5.79,8.704263748516144,15.951103445246988
8.9,8.179823366621324,16.345723852622147
1.56,7.392425014187779,16.117540761770403
3.78,6.046755627255546,15.754459399987969
22.0,25.36475485892051,15.457338742316534
11.3,16.630284273006875,17.21324263881897
50.0,68.4417871572658,15.673973130674453
10.66,4.46392527053241,16.487182667496757
43.9,60.00343129411909,15.274454878322626
5.15,5.065384108477254,16.57785133329837
3.8,4.590062662224145,15.764101183967252
4.4,10.055140362279896,15.671277735848518
73.6,86.61196979265283,15.581327041566517
49.35,36.59949149620088,15.561664353001223
20.0,45.51272801169334,15.615282352550409
45.7,55.64154325470132,15.305198519218386
31.0,24.04221912322942,15.274429928747626
3.2,11.773437573901006,23.423169897974685
66.0,68.68453083766502,15.400565702882522
34.0,27.03669897401857,16.158699733983806
0.033,0.40442205395294195,18.21651589960707
7.8,2.7790406848512603,16.618279605177367
9.03,5.2342118534295174,22.5823247212864
107.0,91.12872719209463,16.324128378797887
64.3,77.36593519828922,15.357497998513848
8.56,8.733239908287555,16.406058052912893
87.2,69.66825245667935,15.301984685652753
82.0,70.16401364112953,16.673925508278284
11.0,49.430968964610614,15.382198407009708
90.5,72.64736936103012,15.231012154938762
13.3,6.142442122469884,16.364214092994775
2.14,5.227537509050283,16.95457061134655
35.9,35.78655767401147,15.988869816421106
28.0,26.758063660279607,15.448078504583878
127.0,111.39128386447476,15.48088263036237
8.4,13.33906753182984,15.812207485551273
13.3,14.740453623606527,15.785750778815071
19.6,23.459386371953883,15.279588898192284
122.5,105.43227309541706,15.597745675033599
82.0,58.684826632045656,15.270535047286195
8.81,6.1125187546104485,17.605147438611912
66.0,70.98109759611557,15.760872516883916
34.27,29.337387269576112,15.967030552679667
11.23,11.5950371366771,16.268161853925204
58.9,68.6706946203644,15.443258862138762
25.0,17.990930018181057,15.294227548943155
77.0,64.97113633414462,15.345985938169774
34.3,21.191769928024897,15.658829530193254
18.0,14.924618019719158,15.673447213591167
43.0,28.632643129078602,16.126136560152194
9.04,-2.945553960077646,20.25015177687061
0.106,-0.164068920281089,20.36933638756561
78.0,72.75288586413757,16.75036214623889
78.5,79.43813980593228,15.307546091666245
48.9,72.15228255366739,15.297492614802664
113.5,103.0411444765135,16.13462676938555
85.0,79.27343221215637,15.478471962913817
14.0,10.729633325011225,15.774430307290707
2.17,1.4788117763877722,17.40054525625294
3.63,4.249518515054593,16.51472305902551
7.0,-5.5907157560345055,17.07810765666122
3.5,3.6501797241068736,17.52147560212259
32.0,22.475196473176787,15.4255586233087
3.54,18.297066436724567,18.566337356310694
13.5,17.698718129470212,15.815329483264494
0.06,-1.5521370958238876,18.17035341280841
35.0,28.525643089215006,16.064232070485925
1.71,9.987566931142137,18.93620025210163
25.0,59.55835197078899,15.388558542409173
104.0,109.08516924695866,15.524608595245397
39.6,54.75740316987326,15.285435402540855
14.2,10.118645313600517,15.656870262602508
14.8,17.67986725483977,15.49377690058527
21.3,27.774318991393802,15.262383436814273
9.85,-1.4482596820119014,19.024413597594304
15.6,20.576389902665298,15.983576726213194
10.9,9.201463997708576,15.988035703347814
6.4,6.891418450637989,16.12146579979739
23.0,23.199540610624354,16.073802438298912
0.3,15.637937757359872,22.13627452510787
9.5,4.793741767481013,16.636234924488416
23.0,57.917222426471014,15.271776766590493
93.6,63.3038166703537,15.258437308234255
3.51,2.4512720699803907,16.3681551814178
91.6,72.67754644937853,15.23096650612137
45.0,26.69062397680447,15.522142035683881
80.9,60.95613280123298,15.285212731912981
1.5,8.515471176529655,16.964282726449454
1.82,3.1395291014794218,18.00414031305989
0.126,0.8033671398388265,19.932478398919034
11.673,10.132043411483433,16.31236386799722
7.4,17.58904699707032,15.437863362501567
1.6,2.010036560400877,16.129519491005126
31.0,24.572522655510888,15.299432671126459
33.6,22.191133354938422,15.33095788724671
6.36,-4.846567891402039,18.34830699672013
1.8,-4.315737220660829,18.60712176967736
41.0,94.67968001221956,15.521333188832273
48.1,30.164407280144452,15.449628789854248
32.2,25.344571951470492,15.266953877874514
16.4,8.001646003520172,21.247176885778128
65.0,63.82358981923793,16.513182632294004
8.99,9.589262601367597,16.396746936296875
52.0,57.06299223985156,15.294854280159667
0.39,13.4338989973714,18.10802112547374
36.4,61.13058357762202,15.304996378943297
87.1,73.32726456232307,15.261532746134522
10.0,14.796064372897806,15.359923267589279
19.0,24.93338536091009,17.40626170250306
17.0,20.71255993810903,15.580504739093456
12.6,12.711322668076942,15.836872931988953
3.5,1.2308665761540851,15.938286207861534
20.1,19.555136089162968,15.915756037386878
8.1,9.486632565413618,17.194679892968942
29.3,31.304779012728055,15.302087299475769
17.3,36.59949149620088,15.561664353001223
1.6,1.363642460247334,16.204340372496567
119.0,95.64613602980972,15.402282679990197
78.0,59.553506930860415,15.906894575251059
9.65,8.770545394351021,17.297893311743188
0.41,0.22814642059582013,16.427927578058846
4.8,2.5296584322818525,19.081015890293653
6.55,13.16928570606662,20.126225720037088
3.3,-1.339386735733754,17.404448040333012
54.0,86.93775792709923,15.336769946841386
13.8,15.395339094009977,16.01253643455329
10.2,-6.4832444829865,17.83583830815795
26.9,24.04221912322942,15.274429928747626
13.7,12.805999696169248,15.60672785887017
15.4,0.37389718342990363,17.453601360890563
14.5,11.92404349297005,15.46392123089536
28.0,26.71049425603916,15.429397488359877
58.0,65.7091859433264,15.828027707349586
76.0,88.51939220853771,15.441723984544979
100.0,50.336145851180696,15.56946878875045
129.0,106.96429753289027,15.616020298287133
29.0,28.20543564202925,16.09238240290233
45.0,62.43100884320985,15.331731464588056
10.2,29.337387269576112,15.967030552679667
11.84,7.097353863143049,18.254628469257693
49.9,75.49399504724184,15.47010901163901
8.8,14.854646653615724,15.920663704294773
82.6,75.7350638253732,15.48581380538638
31.9,21.82138472394852,15.902531719561335
110.0,81.90395659967163,15.376392048747578
93.1,72.64736936103012,15.231012154938762
4.2,5.452456366795058,16.123240763414447
17.22,22.411091104421878,15.316301516673851
77.0,59.772553035176536,15.371108046257028
12.2,3.81272893763774,15.846459821577657
80.0,72.8477644779343,15.231339126124167
32.8,24.004110135538696,16.067144437882153
87.0,74.85601931645772,15.464252813308203
19.0,21.911386333231643,15.310372081894815
17.0,80.10341328624851,16.198435931558997
69.0,74.9479156548794,15.292851763968303
24.0,9.346739362040712,15.421993334587146
1.38,5.098857018622095,16.247707748360646
2.99,1.5600088950409727,16.72147319049707
11.3,8.064016039398268,15.759407594322608
3.75,3.3434417728723034,15.695203570532888
2.39,8.414070862507472,20.434229103546816
82.0,66.34523998790542,15.302960029329283
99.0,79.25512396501901,15.558510267374473
28.6,21.51296965485011,15.313373573935563
0.6,-1.6284718947426384,18.259672331161948
2.79,15.396421624054522,15.696276728538928
22.6,19.003113661159297,15.88925582155417
86.4,64.09689468680759,15.246068430252441
5.2,5.741665907021325,17.69468038353078
13.8,12.076238438183413,15.71915117871502
74.6,59.89112679085984,15.252400203461294
112.0,97.29013403732932,16.718340185108797
69.3,61.7276413676185,15.269848152764308
31.8,24.04221912322942,15.274429928747626
82.0,67.6941989441922,15.292748744456794
24.7,54.03587677914189,15.306875066873625
81.8,60.95613280123298,15.285212731912981
94.5,75.79199299306617,15.476112648952503
10.0,38.76096833368409,15.42643408443291
3.25,4.485367555069654,16.231129909530807
0.59,-0.3594685655165222,17.66343308849743
97.0,72.63730180355799,15.231034774002543
8.0,46.406810682846746,17.526167222875447
14.5,17.812104055926945,15.487102775468694
21.4,22.52273949212014,15.406525779297462
8.8,6.431837176505663,15.911486059914365
46.5,20.594605665292168,16.023528336763583
15.7,10.626723376018216,16.44446311290342
22.5,15.374155106314586,15.362328318443343
26.0,58.94751807056025,15.512104729180615
2.28,7.599539666623812,16.004583914244776
82.0,64.66851022659715,15.325841636125242
17.0,25.48367057873176,15.865179587717742
75.0,75.55919013338965,15.470831858406816
89.5,75.65891915715369,15.467344549156309
42.0,60.328234217138444,15.346819761150789
0.43,7.3752450585274865,16.189338752873255
71.0,60.71432227667577,15.254956164629885
73.5,63.99960152395502,15.290422038583317
132.52,124.76581814400137,16.106049266615585
110.0,104.88454522472716,15.500580453693447
7.63,-3.1867645782580354,17.945619949822664
8.8,7.83993541436012,16.25333395003815
84.5,66.36332329274414,15.412534709134903
92.17,71.58234588891915,15.618251914886695
38.5,31.90179175750129,16.81079816650823
57.0,60.80447421054481,15.511868479643054
78.0,63.41127584230348,15.250448828168732
88.5,72.6351659396916,15.277497663268305
1.64,-0.21937507651917798,16.32719852113275
9.75,9.302488327589668,15.504922220071808
87.0,82.72304685176923,15.360083404838388
8.76,6.895446463692952,16.954202511624864
7.9,5.217530992683937,18.81253823605004
52.0,64.01932214079726,15.429894320015137
10.0,24.952183045008162,15.333907527704651
8.76,6.958412175653013,17.79123230813047
9.5,2.5223681209404063,16.99634845447183
1.8,-6.70139618609047,17.388165109487908
14.8,5.83021151916029,15.971994050716964
86.0,64.82980940117643,15.291133038926372
21.1,19.816198952663783,16.193765549671735
34.8,23.91547218641965,15.328848378838718
52.0,61.55450005498895,15.310512887639565
0.03,0.31228554324688673,16.493446650319786
44.0,34.73412271929816,15.698155766032826
77.0,74.59574141790641,15.788955480250083
35.0,28.009787272148575,15.450599934351922
2.32,7.001035419347627,26.729310967329987
30.0,40.35580044762917,15.787283848373221
49.8,36.03494040729463,15.885158795981662
6.8,9.28091083488966,16.23832237490354
4.2,1.8300466863937928,17.456698930092447
3.69,21.193001544588157,15.954419022385135
4.4,5.202318598838129,17.034312572095345
87.8,68.32702440040126,15.29346860947199
16.84,10.748665610030482,16.020974372263005
1.45,-0.47059046463850507,18.523869842109555
7.4,10.78700443068065,16.30816385849227
5.95,7.116573945607701,16.56342874888901
31.8,22.518849292212316,15.300996942882344
67.6,69.5060265186296,15.259275752434464
93.0,72.6351659396916,15.277497663268305
30.3,23.23811100292142,15.699025266698312
52.0,52.007881090866995,16.13810428603691
14.3,9.378110777513854,16.19915024747594
114.0,102.0054819966254,15.347993459795912
92.0,72.66749173383597,15.23097801914363
24.0,50.22656867555874,15.57710663765372
90.0,67.3573802048856,15.356351086663908
0.18,2.576621676674254,17.893292570264926
5.5,2.507947683473283,17.65764770336064
2.6,5.194861193781755,16.113115592717786
50.0,37.826281598022106,15.597741021417999
70.0,65.68904681175312,15.40388226517573
6.92,5.410485685120573,18.874162520426275
6.56,5.854372259893246,16.597100312537425
83.0,68.63243472986909,15.300857914105665
3.9,4.393129358259898,16.168645346974653
33.6,57.070809957647285,15.439120974595134
96.4,77.32013742934042,15.41922164796212
7.6,55.72461608032182,15.624800100407796
6.0,16.62682088709098,27.004934589220273
51.0,66.00434525163973,15.392427442619832
35.1,26.062882738181035,15.264584046298328
5.94,4.349625946422197,16.167348115340683
2.23,5.388105256841477,16.599376503178565
93.0,79.2250351526489,15.55764003515322
7.91,-1.5210720566727929,16.262959448461835
11.0,19.435375265366673,16.466882851502596
89.88,77.38754186141136,15.274454340511722
8.6,15.71342480147937,15.76038029938966
1.61,9.066398945003435,16.891888073581185
39.0,25.775992310804916,15.265407767034565
85.8,74.46578331957988,15.556899840738122
3.2,7.541152093727494,16.330485864795005
98.0,102.7654591891845,15.401148673439469
70.0,57.60549236813871,15.323685543625057
19.9,15.99759150114766,15.70449284277852
5.09,3.867301516135278,16.419696752035296
3.2,3.7925840949627663,17.387740728098265
27.0,36.93391632194476,15.560753224091664
61.0,67.95977748229643,16.872172425351348
0.72,35.353031419612165,17.004737129715604
7.6,10.965763234407056,16.05177160066453
18.7,27.887902077583774,15.262374615386177
88.0,72.61715419432441,15.231091104991043
87.0,61.36586710800327,15.314210493940541
10.4,4.666973470634236,16.12254110684128
11.0,10.73238732172969,15.545645898462801
15.2,10.223025158717252,16.287914903295484
21.6,13.470156589782817,15.356501927470367
5.03,-0.2040435344396201,16.46037070179467
10.27,10.237182543358859,15.707636726848865
7.0,6.085686442184475,15.960961943509227
17.82,19.28617128770035,16.390050090132153
20.0,50.49899354290356,16.00505700785378
91.0,75.55919013338965,15.470831858406816
80.1,81.84650505901035,15.435831933062069
1.77,3.795986643430304,15.855298711771589
74.0,68.77884461460317,15.35982334341176
30.0,59.619698299981835,15.787462530433235
6.09,9.22149292428912,16.36356934171366
4.03,2.2698389019936585,16.060376833962145
33.2,20.379130930104154,21.28865082668416
41.2,60.011564473570715,15.99666918323822
14.0,21.37124230963836,15.455217905397564
2.4,8.414070862507472,20.434229103546816
1.17,-2.860606890791921,16.885211343105986
13.3,3.365341996380664,16.097326423788218
32.0,27.593976412552557,16.515673015267744
13.4,5.758594448584386,15.927433210380526
64.0,56.289017399086156,15.875789990346775
63.1,67.35177759437198,15.98953408694224
20.9,17.436562967722768,15.505708473400398
2.86,2.0600724811674027,19.15340808786099
9.8,11.164811663084208,17.033932350092517
2.3,3.250235216506045,15.850770580985715
24.8,71.26655579931699,15.4261023984484
80.97,65.93858527698882,15.601603974511942
1.24,1.577182091719827,17.341441226338006
15.1,8.6381786438351,15.580807361902595
15.0,5.710206100576006,16.53625956116345
1.79,-1.6870923491240504,16.287214510509504
2.0,4.935996753681547,16.75461692496082
55.0,61.12441895744585,15.345628648555175
37.43,25.48853143315104,15.266394445762334
23.7,19.865320850846842,15.9353883776715
89.0,70.17602322964001,15.281760804848846
7.85,5.586401542051803,17.408458081351945
25.0,58.051233865735576,15.451620677797811
8.0,17.615260438702975,15.816441646307595
80.0,61.15977115575353,15.287561090512868
13.8,13.567825595449914,15.714833142738549
73.5,76.01161859024663,15.340203291792665
3.6,2.695746408345194,16.686322239845506
7.79,10.944095184676566,16.09276588711383
3.62,1.3424108947641713,17.1734111883419
59.0,74.82017499945135,15.471214635796565
4.0,9.173299334239434,16.85122632400072
0.08,5.384455807934049,16.551685723199505
3.8,9.463961025010665,15.796820554081291
79.8,75.2716628860608,16.23935616097085
40.0,59.563090732597644,15.275016466260048
77.0,63.25640731481574,15.510109998335269
41.0,76.70254004783243,15.906864044817706
82.0,60.756369441061025,15.381615020648471
79.0,79.43813980593228,15.307546091666245
13.5,54.87114715337241,15.251877070215297
24.0,30.53021355909997,15.754484073185013
37.6,74.27438521149921,15.321379306760866
90.0,64.56147004350667,15.254090658026314
16.1,18.02089936194597,16.196851896765203
7.4,7.111386261698751,15.833211209233651
1.13,4.332106805043534,19.280993366504326
103.0,60.414339024666845,15.832251149941536
11.85,19.530450720915965,16.021669272376275
83.0,59.62584307233581,15.264508573846562
3.8,0.31028328260590143,15.946129266771477
32.0,35.56162634925071,16.77976203341415
5.19,4.084399465585221,16.59464972959466
43.8,62.694497193744496,15.274179218362434
0.0005,2.018591365255091,22.052647603396434
3.54,9.824064051373398,16.09829164429583
26.4,12.826494013316246,15.886649792867065
28.4,30.968112594704394,15.451887195412045
10.8,9.844813255623151,16.30422073154118
112.0,98.13862548315174,15.377587648749541
11.6,15.35941165566399,17.16609338099491
86.0,68.54397476043832,15.282793024285702
24.0,59.34049597059885,15.495112664462223
85.9,64.90373861070701,15.272305487198778
4.72,7.3509184592311705,16.01316598872413
15.0,13.49178847303245,18.365986838255974
19.6,19.501090344540177,16.434352951792583
3.4,15.396421624054522,15.696276728538928
3.54,0.6650674988954464,17.393629130755368
18.28,15.71626347642766,16.161958896239195
92.03,72.57681037248673,15.23124808369447
2.02,6.846055689428265,15.989451316050447
53.0,59.38235296960721,15.495478278117533
3.0,3.3679610223954093,16.61704962271133
8.87,10.7037373733265,16.042773895265007
4.56,5.11009889952809,16.9879688820541
82.0,56.77503863429979,15.28688304843101
4.35,11.232776727750473,17.965390126624875
87.7,75.7350638253732,15.48581380538638
16.8,7.821379988382041,15.470101854603978
4.7,4.374463624341885,15.66494625884207
19.0,29.769143464811826,17.132493345897156
11.07,6.112944028873489,16.152949981548776
51.7,30.752484080716556,15.459938943162596
4.0,0.16817331913394895,17.226499614399295
10.9,12.532382768872875,16.73552948408883
20.5,26.082205115166147,15.508916487907229
91.15,72.57681037248673,15.23124808369447
113.0,99.07835145354764,15.44076508757524
56.0,65.25970706688648,15.458683633689114
77.3,44.15173367102708,15.456752890786266
7.7,5.509253173880268,17.27602484248953
11.8,8.980281944143268,16.924888676993366
23.0,26.06545863099747,15.45219664302918
90.0,74.44033320647904,15.385121520667582
63.0,50.06834681100819,15.571398770612602
1.4,8.458292182539626,18.326983785212303
3.73,9.817444106566857,17.040573474949003
86.0,78.26197224286663,15.291214141596607
7.0,-3.037055636682311,18.583935525915315
0.23,-1.4164804207746826,15.91672839534984
6.0,9.009845860464178,15.751997884182458
89.0,64.89886254876903,15.272365318960578
65.0,72.57681037248673,15.23124808369447
120.0,109.5632753433608,15.626013872793791
7.4,9.286864690042773,16.02349665731038
8.2,10.640307267296127,16.534644046233986
16.2,7.422467945888457,15.456134788759488
7.8,6.310826601579276,15.774137643387187
4.505,11.94570069645658,17.35895021038797
60.0,60.98114596322476,15.255276022546964
1.2,3.516301029500031,16.553904172106552
14.4,12.530262439860483,15.839835958636213
91.0,74.97219407909037,15.46963347526278
36.3,30.53021355909997,15.754484073185013
4.3,8.798937574023537,16.694277596518273
31.0,71.5808320769561,15.808499008235305
8.0,7.72614865887785,16.41379247250501
1.77,1.6029280323591735,16.296990575949852
32.7,32.107109537210405,15.847592613067004
38.0,25.48853143315104,15.266394445762334
2.7,2.1460091840579167,18.789932709608333
52.4,61.17278597069345,15.337451120530593
2.3,4.035262207476631,17.762662932819627
91.0,66.69623081877495,15.423431957730768
110.0,87.08683983113188,15.990541204890166
2.9,9.534381963751855,16.89591858253672
43.6,73.10505523232484,15.233996798413845
32.3,28.524549771479926,15.389877164774752
90.1,72.57681037248673,15.23124808369447
83.3,69.21797077974324,15.298628004829702
38.8,49.830914715339006,15.452944304745738
6.5,2.7549643790548366,16.45103686603199
22.8,23.804739078114913,19.590836049815405
6.13,7.065664071338354,16.035328166627927
71.0,64.42818750512532,15.32662460486196
73.6,59.118987515079525,15.956187550013304
123.0,112.5910405521802,15.690747899345293
35.0,56.64150084473047,15.296797518230521
3.07,3.4735543998843674,17.282461607786374
72.0,81.02191414847636,15.322037584187221
106.0,91.57414521474803,15.475219847153022
45.3,56.59269037182725,15.248890419361295
13.9,11.699089853926015,16.06558878567027
5.3,6.966169810113659,16.184288808210766
26.0,18.154845649101997,15.82873018459681
28.4,24.31607345891687,15.270780127265391
33.0,23.7773649031836,15.325821523512802
17.1,12.699559675139891,15.87979240247503
73.9,58.24886180628762,15.364100998157483
23.7,33.089984675488395,15.467795689349527
50.9,41.96888666015443,16.182311071870718
2.67,6.094946182217544,16.411499397491614
7.85,20.18686913349042,15.314251894835857
1.0,25.403292139588714,16.12975719606591
26.5,27.966008612354447,16.08751817907378
34.8,18.004126872161518,15.338927966538519
94.1,55.04025307760803,15.803300856749352
19.2,18.841275335131968,15.39737728514158
6.8,6.633952740754754,17.222935273963653
96.0,76.7924512380015,15.464558068041807
1.86,1.6029280323591735,16.296990575949852
27.0,22.472335714456293,15.420879051970589
89.6,72.67754644937853,15.23096650612137
20.0,30.548968794321183,17.114452685396266
13.5,19.115070240733182,15.804863717314717
28.3,21.576277128716534,15.317909807683584
10.2,9.221078479502435,15.46871177458547
4.0,7.6866592917576995,17.476215394747072
10.6,7.914369947745996,16.225531518099448
85.1,68.5239765050406,15.443992383528657
3.1,9.79496702156343,15.65516636802685
90.8,72.57681037248673,15.23124808369447
3.8,4.766618068976758,16.013599836449046
3.6,3.2871672381927475,15.905234426865233
0.6,6.691077306173447,15.799825069586998
36.2,31.263345038794007,16.12486158632609
8.71,18.297830208040082,19.13734965148279
84.0,86.07968233759196,15.337711919775554
8.32,8.883896671633774,16.495868735571218
89.21,54.79704423388341,15.299352808769399
0.028,1.669996812856212,18.41529870379825
7.7,9.060683269029553,16.430788648402988
21.1,20.120388615112347,15.615527711041407
4.1,2.009626890852978,16.121922933314803
1.53,5.317517271029292,17.755315318554775
2.78,-0.44414148704402834,24.332347563662832
8.0,6.926649204841393,15.78018171176427
73.5,73.7843569807553,15.460901147026291
29.0,24.04221912322942,15.274429928747626
52.6,56.87909146231844,15.416679031414407
0.43,3.3314314019664693,15.828450813331303
1.078,5.586401542051803,17.408458081351945
3.57,5.194861193781755,16.113115592717786
1.79,3.594827569265494,16.10471790399258
91.25,71.26088807059406,15.760920783276442
17.6,23.738796354491598,15.797883056886093
70.0,61.95589436742369,15.276999996823557
47.0,70.82048147245749,15.295333528232224
30.3,22.07815394432172,16.94432804973893
4.7,3.6036477084703904,16.438682819220837
91.5,64.63963645378979,15.254434899709114
1.45,10.219148677872735,16.69224257450376
5.8,3.554782952515911,19.669134885324436
50.0,49.61227210569547,15.388934246986116
11.1,10.232562881287738,16.27065595145357
6.62,4.231161483647284,17.508596759075875
3.2,0.9449716064175746,16.36793106365244
89.0,65.26383001986213,15.264659933831664
2.07,6.861466099799756,16.45366469289785
89.0,37.17393955174077,15.961789463712996
55.0,56.52419740493255,16.66503815833004
95.65,64.56147004350667,15.254090658026314
92.0,72.74836588204124,15.786439361446035
5.23,2.769051392269727,16.902060581943893
25.7,29.303934835318103,15.88080353972777
0.05,7.9402897408063176,27.047379024525352
82.6,64.49597530094938,15.247335472434557
87.9,79.11081608676399,15.514015844432874
20.0,38.28247947254927,16.193837198156974
86.5,70.08141194335263,15.598977209120239
3.2,2.6079031132730393,19.631630516952352
17.5,17.389997570021343,15.336469373201565
14.3,21.77228179387889,16.388503516754955
0.46,6.126402115674114,15.996389924597239
78.3,63.616210964850154,15.281826713735818
64.6,67.50204106925207,15.287658350309627
57.0,54.54352187571146,15.264614857489478
83.0,27.847250579977217,17.265176086263594
24.2,14.907194109548193,15.360242344188643
0.0074,-1.4502272419628213,19.532646595902786
54.3,62.25270220747897,15.405455248315958
6.6,6.065950167698649,15.838101770485682
5.3,12.548542280453578,15.824064177465246
80.0,76.0376377717998,15.403027091357469
121.0,98.56266539824779,15.36192216430137
12.3,29.590330071117556,15.319415355576815
38.0,79.08764469396587,15.35806579807517
9.85,3.035541710861864,16.065702009651222
40.0,22.353845411250504,15.92695400196677
27.0,21.449137315446492,15.312397088823793
14.0,8.2739231983435,15.718573389694475
27.0,24.76703954487619,15.269686925816801
2.9,9.360968321787176,16.19603796201507
47.3,72.35405607558772,15.280280842041927
10.6,11.28677717411912,16.173915546546493
8.0,14.126713636815786,15.66585067529113
93.8,65.1292066859251,15.268499403463846
0.19,3.2308143552964737,16.755086797435204
6.0,7.677243733515525,15.858594592429936
40.0,24.05556190366595,15.621981104339866
63.0,71.99726217947659,15.955839535128417
27.4,21.657932164997355,15.326853247127765
80.6,74.3983300324022,15.258520815892288
13.6,19.478073427465525,16.02082412802331
6.2,11.62025593633578,15.695639300630862
16.3,25.742558611429043,17.650939429383886
8.6,6.885957653837075,15.922328511216357
82.8,76.80207086728652,16.11612627545411
32.0,27.472682193760058,15.464277842851812
28.6,26.388007989524745,17.18375039765547
86.0,78.72596597984514,15.493887581444929
89.5,72.1090012519839,15.379870582636741
26.6,29.00294777851324,15.328586356874125
25.0,36.037509600526896,15.729634830386235
4.23,11.342468379428162,16.138803838731537
82.0,70.36627165731977,15.570873173289288
13.3,30.741831528972245,15.30657055987526
3.23,-4.303358307305068,16.615141812489664
22.0,18.921971342022253,16.33236929254542
6.3,2.142930233080648,17.967045330294525
8.5,14.796064372897806,15.359923267589279
1.68,4.21607804260659,16.84635636107145
51.0,51.26573609824894,15.31526557333808
29.0,37.826281598022106,15.597741021417999
76.0,67.2540677418319,15.262526208654139
3.65,7.51442168477703,15.863588214995488
42.3,25.104769269067024,15.41958537809064
80.0,67.06235057299315,15.342612072744506
92.0,73.46302976098167,15.242154924235813
16.6,12.699559675139891,15.87979240247503
15.6,10.953062542305833,15.629151123201718
30.0,29.894123830033575,15.438025217704183
33.0,24.162621761544468,15.299192390505493
2.31,5.490089756153605,15.892434451602986
19.95,21.449033934159942,15.594361245044942
30.9,72.71690292392483,15.395560530233357
10.79,13.85903682543821,15.685656933435597
105.0,108.47105413745498,15.428749890120313
64.2,61.586373867899226,15.357870531637824
1.86,1.4788117763877722,17.40054525625294
76.4,61.543167225130325,15.300629429996464
73.0,53.06226598161402,17.37823328249634
31.0,25.05616046382111,15.268216207503876
26.0,54.611250179042834,15.837007852391265
4.84,1.4050775873268648,16.587978772159488
24.0,26.832054737847013,16.064582764714086
10.3,18.833234188291325,16.156083845486656
92.0,74.60432429436085,15.419191427825805
35.5,30.9643013817537,15.841953569316857
50.0,72.95365020495065,15.260227490302588
1.04,2.129237759776288,16.581556038394616
1.16,3.2740290289182497,16.782313598172763
8.27,4.782148346887542,17.00746390815841
43.0,28.237283566886177,15.589758975172934
94.2,63.07411780155772,15.336651696286152
3.42,9.412204680130113,15.505913408615731
87.0,69.30810710132481,15.258092091460151
87.65,70.9202292649819,15.405179427581196
38.2,24.180561914652152,15.49066793652326
9.5,7.065664071338354,16.035328166627927
52.0,49.22710780669276,15.460346206959935
4.0,5.596456141029343,16.231925860900763
27.0,29.117235349040097,15.526256818611632
9.5,12.897012463900936,16.22985674052178
3.5,1.1055721064483421,17.50422082711884
47.0,36.2435642501165,15.57158162254812
103.25,90.45689915191429,15.433457576392291
100.0,44.45198815002256,17.40867122979523
7.1,7.8028267222700975,16.39260075764298
118.0,98.56266539824779,15.36192216430137
31.5,70.99649259226263,15.554502541875907
80.0,105.92450534842519,16.593832071844993
53.4,58.01493628610416,15.283320745749123
4.06,0.9557133581380697,15.9748478662786
17.0,14.667951695111544,15.84077352624318
54.0,59.918773465716356,15.273022297988849
2.41,2.4670776385962228,18.286024995818277
77.0,69.50841758956456,15.31378951005408
5.8,7.191628030015504,16.04828006310429
3.1,7.306197940498329,16.163460255778517
4.71,1.1658557622839325,17.064486186812257
25.5,21.995788068014242,15.327411373947823
2.3,1.1833848604087578,16.600280611580448
92.0,46.61748102307975,16.163481792203765
92.45,73.93922186219207,15.583833100469255
44.0,26.415113248916043,15.638768481079333
5.19,-3.213717594082432,17.264151861625972
24.0,56.22157611985941,15.358141143836576
0.88,-3.9318025807506345,25.125025267568347
50.1,73.07558149097619,15.233560800172675
10.8,7.3353592386098825,15.888118718660039
6.66,6.2931124285458395,16.254857231576217
1.2,2.779638138630233,16.275607522216685
84.2,68.02532381921674,15.278685759641217
4.2,4.056025637996438,16.754112867123983
15.6,16.43372188291401,17.419571588402533
18.0,69.62629993081468,15.574943147221832
70.5,75.32327640395489,15.29393188697362
13.9,13.922943819649461,15.662962562684077
14.0,12.76517048305275,16.375986695907173
1.12,1.4636903785962758,16.70227763477984
5.26,1.326858105098701,15.794947894423675
0.7,-0.39353646902343087,16.128409281444014
83.0,61.323428653730964,15.250850155966875
2.85,-0.407768869709507,16.352552015354448
17.8,18.494095374293927,16.802294857550436
92.81,64.56147004350667,15.254090658026314
48.0,53.410611253061376,15.29027897355983
2.4,4.02061341282262,16.62999167950166
29.1,29.239180336913964,15.380457475468628
2.2,4.568603651485315,16.643933019765942
7.1,20.943217932035623,15.825625953256116
57.9,66.99044976443702,15.326017289423373
71.0,58.92345123395718,15.322938047814075
26.9,24.247468616190346,15.680806526504279
1.5,6.905856123916514,16.230927441716773
90.0,78.57034419108624,15.290522431495594
49.4,53.36103126198703,15.289015801332209
1.56,4.064303768724468,16.6352699032728
19.5,0.22957653315225457,17.44951661420024
18.9,16.10230251435143,15.577113451334673
3.8,7.3027783548079235,16.729878159406073
15.2,15.395339094009977,16.01253643455329
19.5,25.36475485892051,15.457338742316534
93.0,73.28866004924468,15.376608976551887
97.4,75.20697467854862,15.468697822719234
7.0,4.39506018013962,15.77200626665123
114.7,86.6995350526324,15.573821929421092
85.5,63.781515116847466,15.321075515951053
17.2,18.112808634439318,15.294686646927627
40.0,25.834500371778454,15.859210570753083
77.8,72.81782921267828,15.231195194980936
92.0,72.61715419432441,15.231091104991043
82.0,66.11149390630735,15.331111396812727
6.6,11.168762550190042,16.03271144217645
2.78,6.181391510038679,18.49101439789846
87.0,80.32497843537415,15.338042602599183
68.0,62.04665412752121,15.257379017096136
34.0,28.884823285140374,16.10995083944954
5.5,9.166677000860474,16.63320928009567
4.41,1.0061616734529792,16.885683125984553
7.4,7.627636235694581,15.961170354879956
9.8,7.311706607269965,16.1004768188123
92.842,72.57681037248673,15.23124808369447
75.0,66.18485374309114,15.396775018044485
77.2,62.354221641262676,15.302807723952865
39.44,62.67632054428289,15.409795082087925
78.0,65.71251250058951,15.555092457919947
97.0,81.90596315083046,16.252761528646896
37.0,27.348001400784945,15.451375232209115
9.3,11.307168237843786,16.112673961121544
11.48,10.701864533137385,17.682418659754294
94.0,74.67791694158996,15.411349987572754
34.9,28.088618031533372,15.337492286674808
92.2,72.61715419432441,15.231091104991043
91.0,64.58379364020654,15.254170312246526
1.3,2.2786818829083657,16.734484930512156
6.0,29.28847610799309,17.110584540542362
83.5,63.71005818967272,15.397178704196328
0.4,6.01535593727824,16.797250583758565
6.4,18.01468481516386,15.489919929828455
75.4,59.51910091456806,15.437583293733658
28.3,30.864146283583562,15.614237876480411
93.8,78.12513884198881,16.16663762222976
3.5,5.925180054844386,18.362922536084778
75.8,59.867982456734595,15.252600560359534
13.0,27.3568262390275,15.497080884763566
63.5,63.16896102868702,15.336809900523189
0.94,7.462538328849572,16.06963993810294
1.62,2.783173943147137,16.731083486157257
63.6,60.5235377881348,15.254286479408831
9.73,2.5223681209404063,16.99634845447183
3.273,3.248068120276198,17.440648734544823
0.0433,2.9238810802252466,16.02342141758029
25.1,47.78128703160656,15.373549927413613
2.26,-9.65851957455893,19.275729085262824
8.08,6.582542335596425,16.324298717593017
65.0,84.45656217846222,15.349133416858216
1.8,2.550647771161497,18.630259927962744
3.427,-0.2964676592407187,18.57054005994561
3.644,4.307550336849584,16.320306410065438
1.44,-0.9619704677673369,15.946336962873511
90.5,93.9781728101909,15.577817369691466
1.6,0.6511184652992412,15.985706176200026
72.6,64.36179056931145,15.41793719818755
27.0,23.414441861009067,15.43647725119013
2.5,-1.2327492719405768,16.204820336546895
2.5,-0.7090744661339698,16.777965156863033
31.0,16.96356645521786,16.152201397058274
1.75,-6.534030935414343,20.899130560198138
13.0,15.607870782591444,16.342598998673573
70.0,80.97230486819896,15.604301388145327
118.0,95.52428634984642,15.577841213207845
4.02,3.283040194041188,16.50121517407481
82.0,74.43842167425262,15.258578751445532
35.7,28.12825923754749,16.126693503883384
62.0,61.81980553294747,15.260009028995562
15.0,15.722157502503975,15.470783235273288
93.0,64.4956432837623,15.359115738988372
0.6,4.541203620373704,17.358385472089363
49.0,53.90584069333778,15.330149508869326
1.92,5.76072215897457,17.76377419738562
3.93,-30.86025555445726,19.456345316827512
93.0,74.12565031718927,15.393028510450245
2.6,7.5553912417530995,16.65110734981813
4.48,13.221785101619691,15.747156755291572
17.5,20.15710608898599,15.318201026191435
9.7,13.747672675671268,16.113065212695794
3.55,1.2296099082078698,17.527586340695905
0.82,5.535752097584091,18.636451733357415
2.62,5.925180054844386,18.362922536084778
19.8,14.08451151548756,15.507552844802415
4.92,7.068118538305072,16.063463224132963
24.5,19.963220568324722,16.20793500489767
116.0,103.5104472750102,15.40047293348939
20.1,22.374260445243454,15.428717055098085
4.47,5.782342410254245,16.218195100523456
133.5,103.33752479193942,15.581638216876305
95.5,78.31705269009888,15.47060057009503
93.1,60.708836294644996,15.30388694612873
1.89,5.658532957441082,15.75477305205297
16.4,18.042717579332553,15.423006633724366
65.0,79.08764469396587,15.35806579807517
3.77,6.637445414671376,16.108784777555393
2.3,1.51592275671198,16.43419729045388
7.8,50.703086853067795,15.340093926152768
49.0,50.637722968246806,15.271089228848577
57.6,62.68887831178673,15.27910939787461
8.71,17.871095401102536,15.632542445202422
38.0,56.70177417407622,15.251964788594355
83.6,64.92388209489151,15.306413021046952
83.5,82.27707337952066,15.607569427502884
3.5,8.235899891953952,16.235894350127662
8.7,8.100336416704895,16.245456187393685
2.15,12.788422355180721,17.959683732878535
